Name,Municipality,Coordinates
Aalst,Waalre,51°23′45″N 5°28′40″E﻿ / ﻿51.39583°N 5.47778°E
Aarle,Best,51°30′45″N 5°21′45″E﻿ / ﻿51.51250°N 5.36250°E
Aarle-Rixtel,Laarbeek,51°30′35″N 5°38′20″E﻿ / ﻿51.50972°N 5.63889°E
Abcoven,Goirle,51°31′40″N 5°05′00″E﻿ / ﻿51.52778°N 5.08333°E
Achterbosch,Laarbeek,51°30′40″N 5°34′20″E﻿ / ﻿51.51111°N 5.57222°E
Achterbosch,Asten,51°24′35″N 5°46′40″E﻿ / ﻿51.40972°N 5.77778°E
Achterbroek,Someren,51°25′45″N 5°41′10″E﻿ / ﻿51.42917°N 5.68611°E
Achterdijk,Moerdijk,51°39′25″N 4°37′10″E﻿ / ﻿51.65694°N 4.61944°E
Achtereind,Waalre,51°22′55″N 5°29′25″E﻿ / ﻿51.38194°N 5.49028°E
Achterste Brug,Valkenswaard,51°16′45″N 5°25′45″E﻿ / ﻿51.27917°N 5.42917°E
Achterste Diesdonk,Asten,51°25′45″N 5°42′45″E﻿ / ﻿51.42917°N 5.71250°E
Achterste Heide,Oss,51°45′35″N 5°34′45″E﻿ / ﻿51.75972°N 5.57917°E
Achterste Heikant,Reusel-De Mierden,51°20′55″N 5°08′25″E﻿ / ﻿51.34861°N 5.14028°E
Achterste Hermalen,Schijndel,51°36′15″N 5°24′15″E﻿ / ﻿51.60417°N 5.40417°E
Achterste Rith,Breda,51°33′15″N 4°42′50″E﻿ / ﻿51.55417°N 4.71389°E
Achtmaal,Zundert,51°27′15″N 4°35′05″E﻿ / ﻿51.45417°N 4.58472°E
Akker,Roosendaal,51°30′35″N 4°23′05″E﻿ / ﻿51.50972°N 4.38472°E
Almkerk,Woudrichem,51°46′15″N 4°57′35″E﻿ / ﻿51.77083°N 4.95972°E
Alphen,Alphen-Chaam,51°28′55″N 4°57′30″E﻿ / ﻿51.48194°N 4.95833°E
Alphen-Oosterwijk,Alphen-Chaam,51°30′05″N 4°58′30″E﻿ / ﻿51.50139°N 4.97500°E
Alvershool,"Nuenen, Gerwen en Nederwetten",51°29′00″N 5°33′55″E﻿ / ﻿51.48333°N 5.56528°E
Andel,Woudrichem,51°47′00″N 5°03′30″E﻿ / ﻿51.78333°N 5.05833°E
Anneville,Alphen-Chaam,51°32′35″N 4°49′05″E﻿ / ﻿51.54306°N 4.81806°E
Arendnest,Boekel,51°35′40″N 5°41′45″E﻿ / ﻿51.59444°N 5.69583°E
Asten,Asten,51°24′15″N 5°44′55″E﻿ / ﻿51.40417°N 5.74861°E
Baarle-Nassau,Baarle-Nassau,51°26′50″N 4°55′45″E﻿ / ﻿51.44722°N 4.92917°E
Baarle-Nassau-grens,Baarle-Nassau,51°24′05″N 4°56′05″E﻿ / ﻿51.40139°N 4.93472°E
Baarschot,Hilvarenbeek,51°27′30″N 5°11′10″E﻿ / ﻿51.45833°N 5.18611°E
Baarschot,Oosterhout,51°35′40″N 4°50′45″E﻿ / ﻿51.59444°N 4.84583°E
Baarschot,Deurne,51°26′00″N 5°46′00″E﻿ / ﻿51.43333°N 5.76667°E
Babyloniënbroek,Aalburg,51°44′35″N 5°01′20″E﻿ / ﻿51.74306°N 5.02222°E
Bakel,Gemert-Bakel,51°30′10″N 5°44′25″E﻿ / ﻿51.50278°N 5.74028°E
Bakelsebrug,Gemert-Bakel,51°29′35″N 5°43′00″E﻿ / ﻿51.49306°N 5.71667°E
Bakertand,Tilburg,51°32′00″N 5°04′45″E﻿ / ﻿51.53333°N 5.07917°E
Balleman,Alphen-Chaam,51°30′35″N 4°45′45″E﻿ / ﻿51.50972°N 4.76250°E
Bankert,Gemert-Bakel,51°29′45″N 5°47′40″E﻿ / ﻿51.49583°N 5.79444°E
Barlaque,Moerdijk,51°37′25″N 4°29′15″E﻿ / ﻿51.62361°N 4.48750°E
Bavel,Breda,51°34′00″N 4°49′50″E﻿ / ﻿51.56667°N 4.83056°E
Bedaf,Uden,51°39′40″N 5°34′30″E﻿ / ﻿51.66111°N 5.57500°E
Beek en Donk,Laarbeek,51°32′05″N 5°37′50″E﻿ / ﻿51.53472°N 5.63056°E
Beemdkant,Laarbeek,51°31′35″N 5°36′00″E﻿ / ﻿51.52639°N 5.60000°E
Beers,Cuijk,51°43′30″N 5°49′40″E﻿ / ﻿51.72500°N 5.82778°E
Behelp,Asten,51°22′30″N 5°45′30″E﻿ / ﻿51.37500°N 5.75833°E
Bekelaar,Geldrop,51°26′45″N 5°38′10″E﻿ / ﻿51.44583°N 5.63611°E
Belgeren,Deurne,51°26′25″N 5°44′45″E﻿ / ﻿51.44028°N 5.74583°E
Belvert,Haaren,51°36′00″N 5°14′50″E﻿ / ﻿51.60000°N 5.24722°E
Bemmer,Laarbeek,51°33′00″N 5°37′25″E﻿ / ﻿51.55000°N 5.62361°E
Benedeneind,Lith,51°49′30″N 5°29′10″E﻿ / ﻿51.82500°N 5.48611°E
Benthem,Gemert-Bakel,51°29′50″N 5°43′25″E﻿ / ﻿51.49722°N 5.72361°E
Berenbroek,Helmond,51°28′00″N 5°36′25″E﻿ / ﻿51.46667°N 5.60694°E
Berg,Cranendonck,51°16′35″N 5°32′55″E﻿ / ﻿51.27639°N 5.54861°E
Bergeijk,Bergeijk,51°19′10″N 5°21′30″E﻿ / ﻿51.31944°N 5.35833°E
Bergen op Zoom,Bergen op Zoom,51°29′40″N 4°17′30″E﻿ / ﻿51.49444°N 4.29167°E
Bergenshuizen,Vught,51°37′50″N 5°17′00″E﻿ / ﻿51.63056°N 5.28333°E
Berghem,Oss,51°46′15″N 5°34′25″E﻿ / ﻿51.77083°N 5.57361°E
Berkeind,Tilburg,51°33′05″N 5°06′55″E﻿ / ﻿51.55139°N 5.11528°E
Berkeindje,Someren,51°24′40″N 5°40′35″E﻿ / ﻿51.41111°N 5.67639°E
Berkel-Enschot,Tilburg,51°35′05″N 5°08′40″E﻿ / ﻿51.58472°N 5.14444°E
Berkhoek,Boekel,51°35′10″N 5°41′05″E﻿ / ﻿51.58611°N 5.68472°E
Berkhoek,Tilburg,51°36′10″N 5°09′00″E﻿ / ﻿51.60278°N 5.15000°E
Berkt,Veldhoven,51°25′40″N 5°22′45″E﻿ / ﻿51.42778°N 5.37917°E
Berkt,Bernheze,51°43′00″N 5°29′50″E﻿ / ﻿51.71667°N 5.49722°E
Berlicum,Sint-Michielsgestel,51°40′40″N 5°24′00″E﻿ / ﻿51.67778°N 5.40000°E
Besselaar,Sint-Michielsgestel,51°36′55″N 5°22′20″E﻿ / ﻿51.61528°N 5.37222°E
Best,Best,51°30′25″N 5°23′25″E﻿ / ﻿51.50694°N 5.39028°E
Beugen,Boxmeer,51°40′25″N 5°56′15″E﻿ / ﻿51.67361°N 5.93750°E
Beugt,Bernheze,51°38′20″N 5°30′45″E﻿ / ﻿51.63889°N 5.51250°E
Beukelaar,Veghel,51°37′00″N 5°33′45″E﻿ / ﻿51.61667°N 5.56250°E
Biesthoek,Uden,51°37′40″N 5°39′05″E﻿ / ﻿51.62778°N 5.65139°E
Biest-Houtakker,Hilvarenbeek,51°30′25″N 5°09′30″E﻿ / ﻿51.50694°N 5.15833°E
Biestraat,Gilze en Rijen,51°32′45″N 4°55′30″E﻿ / ﻿51.54583°N 4.92500°E
Biezenheuvel,Bladel,51°24′20″N 5°18′15″E﻿ / ﻿51.40556°N 5.30417°E
Biezenmortel,Haaren,51°37′25″N 5°10′40″E﻿ / ﻿51.62361°N 5.17778°E
Bijsterveld,Eersel,51°27′05″N 5°21′00″E﻿ / ﻿51.45139°N 5.35000°E
Binnen-Moerdijk,Drimmelen,51°42′05″N 4°40′05″E﻿ / ﻿51.70139°N 4.66806°E
Bladel,Bladel,51°22′05″N 5°13′15″E﻿ / ﻿51.36806°N 5.22083°E
Blauwenhoek,Sint Anthonis,51°36′00″N 5°52′20″E﻿ / ﻿51.60000°N 5.87222°E
Blauwe Sluis,Drimmelen,51°41′35″N 4°41′55″E﻿ / ﻿51.69306°N 4.69861°E
Blauwe Sluis,Steenbergen,51°35′35″N 4°22′10″E﻿ / ﻿51.59306°N 4.36944°E
Bleijs,Deurne,51°28′45″N 5°44′35″E﻿ / ﻿51.47917°N 5.74306°E
Boeiink,Roosendaal,51°31′45″N 4°24′55″E﻿ / ﻿51.52917°N 4.41528°E
Boekel,Boekel,51°36′10″N 5°40′30″E﻿ / ﻿51.60278°N 5.67500°E
Boerdonk,Veghel,51°33′30″N 5°37′30″E﻿ / ﻿51.55833°N 5.62500°E
Bokhoven,'s-Hertogenbosch,51°44′15″N 5°13′50″E﻿ / ﻿51.73750°N 5.23056°E
Boksheide,Eersel,51°19′30″N 5°18′30″E﻿ / ﻿51.32500°N 5.30833°E
Bokt,Eindhoven,51°29′25″N 5°30′05″E﻿ / ﻿51.49028°N 5.50139°E
Bolberg,Breda,51°33′50″N 4°50′35″E﻿ / ﻿51.56389°N 4.84306°E
Bolberg,Gilze en Rijen,51°32′05″N 4°56′05″E﻿ / ﻿51.53472°N 4.93472°E
Bolst,Veghel,51°36′25″N 5°36′05″E﻿ / ﻿51.60694°N 5.60139°E
Boomen,Someren,51°25′10″N 5°41′35″E﻿ / ﻿51.41944°N 5.69306°E
Boompjesdijk,Steenbergen,51°37′20″N 4°19′05″E﻿ / ﻿51.62222°N 4.31806°E
Boord,"Nuenen, Gerwen en Nederwetten",51°28′10″N 5°31′20″E﻿ / ﻿51.46944°N 5.52222°E
Borkel,Valkenswaard,51°17′50″N 5°26′25″E﻿ / ﻿51.29722°N 5.44028°E
Borne,Schijndel,51°37′15″N 5°25′00″E﻿ / ﻿51.62083°N 5.41667°E
Borneo,Mill en Sint Hubert,51°40′40″N 5°46′30″E﻿ / ﻿51.67778°N 5.77500°E
Borteldonk,Roosendaal,51°30′15″N 4°28′00″E﻿ / ﻿51.50417°N 4.46667°E
Bosch,Cranendonck,51°16′10″N 5°35′30″E﻿ / ﻿51.26944°N 5.59167°E
Boscheind,Bergeijk,51°16′55″N 5°18′25″E﻿ / ﻿51.28194°N 5.30694°E
Boschhoven,Baarle-Nassau,51°27′30″N 4°56′20″E﻿ / ﻿51.45833°N 4.93889°E
Boschhoven,Heeze-Leende,51°21′20″N 5°32′55″E﻿ / ﻿51.35556°N 5.54861°E
Boschkens,Goirle,51°32′00″N 5°03′50″E﻿ / ﻿51.53333°N 5.06389°E
Boshoven,Alphen-Chaam,51°27′45″N 4°56′55″E﻿ / ﻿51.46250°N 4.94861°E
Boshoven,Bergeijk,51°20′45″N 5°22′40″E﻿ / ﻿51.34583°N 5.37778°E
Boskant,Sint-Oedenrode,51°33′00″N 5°25′15″E﻿ / ﻿51.55000°N 5.42083°E
Boslust,Alphen-Chaam,51°28′55″N 4°58′30″E﻿ / ﻿51.48194°N 4.97500°E
Bosschenhoofd,Halderberge,51°33′40″N 4°32′25″E﻿ / ﻿51.56111°N 4.54028°E
Boterwijk,Oirschot,51°30′40″N 5°17′25″E﻿ / ﻿51.51111°N 5.29028°E
Boveneind,Lith,51°48′50″N 5°30′40″E﻿ / ﻿51.81389°N 5.51111°E
Bovensluis,Moerdijk,51°40′55″N 4°28′35″E﻿ / ﻿51.68194°N 4.47639°E
Bovenstehuis,Boekel,51°36′55″N 5°40′45″E﻿ / ﻿51.61528°N 5.67917°E
Boxmeer,Boxmeer,51°38′50″N 5°56′50″E﻿ / ﻿51.64722°N 5.94722°E
Boxtel,Boxtel,51°35′25″N 5°19′45″E﻿ / ﻿51.59028°N 5.32917°E
Braakhoek,Reusel-De Mierden,51°24′15″N 5°10′35″E﻿ / ﻿51.40417°N 5.17639°E
Braambosch,Bergeijk,51°20′35″N 5°24′45″E﻿ / ﻿51.34306°N 5.41250°E
Brakel,Goirle,51°30′50″N 4°59′55″E﻿ / ﻿51.51389°N 4.99861°E
Brand,Landerd,51°41′20″N 5°40′25″E﻿ / ﻿51.68889°N 5.67361°E
Breda,Breda,51°35′20″N 4°46′30″E﻿ / ﻿51.58889°N 4.77500°E
Breedschot,Zundert,51°30′30″N 4°42′45″E﻿ / ﻿51.50833°N 4.71250°E
Breehees,Goirle,51°29′55″N 5°04′05″E﻿ / ﻿51.49861°N 5.06806°E
Breemortel,Deurne,51°26′35″N 5°48′40″E﻿ / ﻿51.44306°N 5.81111°E
Brem,Tilburg,51°35′50″N 5°08′50″E﻿ / ﻿51.59722°N 5.14722°E
Brembosch,Roosendaal,51°29′45″N 4°26′00″E﻿ / ﻿51.49583°N 4.43333°E
Breugel,Son en Breugel,51°31′05″N 5°30′40″E﻿ / ﻿51.51806°N 5.51111°E
Broek,Laarbeek,51°31′35″N 5°33′35″E﻿ / ﻿51.52639°N 5.55972°E
Broekenseind,Bladel,51°23′45″N 5°18′00″E﻿ / ﻿51.39583°N 5.30000°E
Broekhoven,Bergeijk,51°21′45″N 5°22′50″E﻿ / ﻿51.36250°N 5.38056°E
Broekkant,Someren,51°25′45″N 5°39′00″E﻿ / ﻿51.42917°N 5.65000°E
Broekkant,Laarbeek,51°32′10″N 5°39′10″E﻿ / ﻿51.53611°N 5.65278°E
Broekkant,Sint Anthonis,51°39′45″N 5°50′05″E﻿ / ﻿51.66250°N 5.83472°E
Broekkant,Cranendonck,51°17′00″N 5°35′20″E﻿ / ﻿51.28333°N 5.58889°E
Broekzijde,Oisterwijk,51°31′15″N 5°10′40″E﻿ / ﻿51.52083°N 5.17778°E
Bronkhorst,Woudrichem,51°46′55″N 5°03′00″E﻿ / ﻿51.78194°N 5.05000°E
Bruggen,'s-Hertogenbosch,51°43′26″N 5°22′23″E﻿ / ﻿51.72389°N 5.37306°E
Bruggen,Mill en Sint Hubert,51°41′55″N 5°46′45″E﻿ / ﻿51.69861°N 5.77917°E
Bruggerhuizen,Heeze-Leende,51°19′40″N 5°28′50″E﻿ / ﻿51.32778°N 5.48056°E
Budel,Cranendonck,51°16′15″N 5°34′30″E﻿ / ﻿51.27083°N 5.57500°E
Budel-Dorplein,Cranendonck,51°14′10″N 5°35′15″E﻿ / ﻿51.23611°N 5.58750°E
Budel-Schoot,Cranendonck,51°14′50″N 5°33′55″E﻿ / ﻿51.24722°N 5.56528°E
Bulkenaar,Roosendaal,51°30′55″N 4°25′20″E﻿ / ﻿51.51528°N 4.42222°E
Burgt,Boekel,51°36′25″N 5°40′50″E﻿ / ﻿51.60694°N 5.68056°E
Bus,Veghel,51°35′45″N 5°29′50″E﻿ / ﻿51.59583°N 5.49722°E
Bus,Bernheze,51°42′00″N 5°35′30″E﻿ / ﻿51.70000°N 5.59167°E
Bussel,Asten,51°25′10″N 5°42′50″E﻿ / ﻿51.41944°N 5.71389°E
Buurtje,Werkendam,51°49′30″N 4°55′30″E﻿ / ﻿51.82500°N 4.92500°E
Calfven,Woensdrecht,51°24′35″N 4°19′05″E﻿ / ﻿51.40972°N 4.31806°E
Castelré,Baarle-Nassau,51°25′25″N 4°47′00″E﻿ / ﻿51.42361°N 4.78333°E
Casteren,Bladel,51°23′45″N 5°14′15″E﻿ / ﻿51.39583°N 5.23750°E
Chaam,Alphen-Chaam,51°30′20″N 4°51′40″E﻿ / ﻿51.50556°N 4.86111°E
Chaamdijk,Alphen-Chaam,51°29′50″N 4°50′20″E﻿ / ﻿51.49722°N 4.83889°E
Couwelaar,Alphen-Chaam,51°32′10″N 4°48′25″E﻿ / ﻿51.53611°N 4.80694°E
Cranendonck,Cranendonck,51°18′15″N 5°35′20″E﻿ / ﻿51.30417°N 5.58889°E
Crèvecoeur,'s-Hertogenbosch,51°44′10″N 5°16′00″E﻿ / ﻿51.73611°N 5.26667°E
Cromvoirt,Vught,51°39′40″N 5°13′55″E﻿ / ﻿51.66111°N 5.23194°E
Croy,Helmond,51°29′45″N 5°37′15″E﻿ / ﻿51.49583°N 5.62083°E
Cuijk,Cuijk,51°43′50″N 5°52′45″E﻿ / ﻿51.73056°N 5.87917°E
Dalem,Bladel,51°21′10″N 5°15′40″E﻿ / ﻿51.35278°N 5.26111°E
Dassemus,Alphen-Chaam,51°30′55″N 4°50′55″E﻿ / ﻿51.51528°N 4.84861°E
De Aa,Bergeijk,51°17′00″N 5°21′00″E﻿ / ﻿51.28333°N 5.35000°E
De Aa,Boekel,51°35′30″N 5°39′20″E﻿ / ﻿51.59167°N 5.65556°E
De Baan,Werkendam,51°43′50″N 4°59′25″E﻿ / ﻿51.73056°N 4.99028°E
De Beek,Asten,51°25′05″N 5°43′30″E﻿ / ﻿51.41806°N 5.72500°E
De Berg,Mill en Sint Hubert,51°40′10″N 5°49′15″E﻿ / ﻿51.66944°N 5.82083°E
De Bergen,Geertruidenberg,51°41′10″N 4°54′00″E﻿ / ﻿51.68611°N 4.90000°E
De Berk,Rucphen,51°32′45″N 4°36′20″E﻿ / ﻿51.54583°N 4.60556°E
De Berken,Asten,51°25′15″N 5°46′05″E﻿ / ﻿51.42083°N 5.76806°E
De Biezen,Laarbeek,51°31′40″N 5°40′05″E﻿ / ﻿51.52778°N 5.66806°E
De Bocht,Steenbergen,51°34′25″N 4°20′05″E﻿ / ﻿51.57361°N 4.33472°E
De Boer,Mill en Sint Hubert,51°40′10″N 5°48′35″E﻿ / ﻿51.66944°N 5.80972°E
De Bolt,Grave,51°44′15″N 5°43′50″E﻿ / ﻿51.73750°N 5.73056°E
De Bus,Schijndel,51°38′35″N 5°23′05″E﻿ / ﻿51.64306°N 5.38472°E
De Bus,Sint-Oedenrode,51°33′35″N 5°25′15″E﻿ / ﻿51.55972°N 5.42083°E
De Dellen,Mill en Sint Hubert,51°41′00″N 5°44′20″E﻿ / ﻿51.68333°N 5.73889°E
De Dood,Rucphen,51°31′15″N 4°33′45″E﻿ / ﻿51.52083°N 4.56250°E
De Druif,Moerdijk,51°39′15″N 4°32′25″E﻿ / ﻿51.65417°N 4.54028°E
De Elft,Grave,51°45′00″N 5°43′50″E﻿ / ﻿51.75000°N 5.73056°E
Deelse Kampen,Gemert-Bakel,51°34′10″N 5°41′10″E﻿ / ﻿51.56944°N 5.68611°E
Deelshurk,Valkenswaard,51°20′25″N 5°27′00″E﻿ / ﻿51.34028°N 5.45000°E
Deense Hoek,Laarbeek,51°30′35″N 5°35′00″E﻿ / ﻿51.50972°N 5.58333°E
De Gagel,Mill en Sint Hubert,51°42′20″N 5°45′50″E﻿ / ﻿51.70556°N 5.76389°E
De Heen,Steenbergen,51°36′30″N 4°16′15″E﻿ / ﻿51.60833°N 4.27083°E
De Hees,Eersel,51°22′25″N 5°20′05″E﻿ / ﻿51.37361°N 5.33472°E
De Heiberg,Rucphen,51°30′15″N 4°33′10″E﻿ / ﻿51.50417°N 4.55278°E
De Heuvel,Waalre,51°23′30″N 5°25′50″E﻿ / ﻿51.39167°N 5.43056°E
De Hoef,Eersel,51°22′50″N 5°17′50″E﻿ / ﻿51.38056°N 5.29722°E
De Hoef,Reusel-De Mierden,51°23′00″N 5°11′10″E﻿ / ﻿51.38333°N 5.18611°E
De Hoef,Werkendam,51°49′20″N 4°54′40″E﻿ / ﻿51.82222°N 4.91111°E
De Hoef,Mill en Sint Hubert,51°40′05″N 5°48′25″E﻿ / ﻿51.66806°N 5.80694°E
De Hoef,Someren,51°22′55″N 5°41′35″E﻿ / ﻿51.38194°N 5.69306°E
De Hoek,Reusel-De Mierden,51°21′25″N 5°08′40″E﻿ / ﻿51.35694°N 5.14444°E
De Hoeven,Heusden,51°42′25″N 5°10′45″E﻿ / ﻿51.70694°N 5.17917°E
De Hogert,Sint-Michielsgestel,51°37′25″N 5°21′20″E﻿ / ﻿51.62361°N 5.35556°E
De Huften,Someren,51°19′15″N 5°42′00″E﻿ / ﻿51.32083°N 5.70000°E
De Hutten,Someren,51°19′15″N 5°42′00″E﻿ / ﻿51.32083°N 5.70000°E
De Kampkens,Veghel,51°35′40″N 5°31′00″E﻿ / ﻿51.59444°N 5.51667°E
De Kapel,Valkenswaard,51°17′55″N 5°25′45″E﻿ / ﻿51.29861°N 5.42917°E
De Kraan,Tilburg,51°35′15″N 5°07′55″E﻿ / ﻿51.58750°N 5.13194°E
De Laan,Geertruidenberg,51°41′35″N 4°53′45″E﻿ / ﻿51.69306°N 4.89583°E
De Laren,Veghel,51°35′15″N 5°36′25″E﻿ / ﻿51.58750°N 5.60694°E
De Lent,Zundert,51°26′30″N 4°38′35″E﻿ / ﻿51.44167°N 4.64306°E
De Logt,Oisterwijk,51°32′50″N 5°15′05″E﻿ / ﻿51.54722°N 5.25139°E
De Loo,Geldrop,51°26′00″N 5°36′55″E﻿ / ﻿51.43333°N 5.61528°E
De Loofaert,Sint-Michielsgestel,51°41′50″N 5°23′30″E﻿ / ﻿51.69722°N 5.39167°E
Demen,Oss,51°48′20″N 5°37′55″E﻿ / ﻿51.80556°N 5.63194°E
De Moer,Loon op Zand,51°37′25″N 5°00′45″E﻿ / ﻿51.62361°N 5.01250°E
De Mortel,Gemert-Bakel,51°32′25″N 5°42′30″E﻿ / ﻿51.54028°N 5.70833°E
Den Berg,Boxtel,51°34′40″N 5°21′45″E﻿ / ﻿51.57778°N 5.36250°E
Den Dungen,Sint-Michielsgestel,51°39′55″N 5°22′20″E﻿ / ﻿51.66528°N 5.37222°E
Den Hoek,Sint Anthonis,51°37′05″N 5°53′10″E﻿ / ﻿51.61806°N 5.88611°E
Den Hout,Oosterhout,51°39′25″N 4°48′45″E﻿ / ﻿51.65694°N 4.81250°E
Den Opslag,Hilvarenbeek,51°30′30″N 5°11′55″E﻿ / ﻿51.50833°N 5.19861°E
De Overval,Steenbergen,51°35′25″N 4°20′30″E﻿ / ﻿51.59028°N 4.34167°E
De Pan,Bladel,51°20′50″N 5°16′25″E﻿ / ﻿51.34722°N 5.27361°E
De Plaats,Cuijk,51°44′00″N 5°49′00″E﻿ / ﻿51.73333°N 5.81667°E
De Posthoorn,Rucphen,51°31′45″N 4°32′30″E﻿ / ﻿51.52917°N 4.54167°E
De Rijtjes,Boxmeer,51°42′30″N 5°55′50″E﻿ / ﻿51.70833°N 5.93056°E
De Rips,Gemert-Bakel,51°33′00″N 5°48′35″E﻿ / ﻿51.55000°N 5.80972°E
De Rotting,Roosendaal,51°32′05″N 4°22′20″E﻿ / ﻿51.53472°N 4.37222°E
De Schietbaan,Rucphen,51°31′00″N 4°31′45″E﻿ / ﻿51.51667°N 4.52917°E
Deurne,Deurne,51°27′35″N 5°47′50″E﻿ / ﻿51.45972°N 5.79722°E
Deursen-Dennenburg,Oss,51°48′05″N 5°37′40″E﻿ / ﻿51.80139°N 5.62778°E
Deuteren,'s-Hertogenbosch,51°41′15″N 5°16′00″E﻿ / ﻿51.68750°N 5.26667°E
De Vleut,Best,51°31′55″N 5°24′30″E﻿ / ﻿51.53194°N 5.40833°E
De Voorstad,Deurne,51°23′55″N 5°50′20″E﻿ / ﻿51.39861°N 5.83889°E
De Vorst,Boxtel,51°34′15″N 5°19′45″E﻿ / ﻿51.57083°N 5.32917°E
De Weijer,Helmond,51°27′25″N 5°42′45″E﻿ / ﻿51.45694°N 5.71250°E
De Wind,Gemert-Bakel,51°34′25″N 5°41′05″E﻿ / ﻿51.57361°N 5.68472°E
De Wolfsputten,Helmond,51°30′20″N 5°40′30″E﻿ / ﻿51.50556°N 5.67500°E
Dieden,Oss,51°49′10″N 5°36′35″E﻿ / ﻿51.81944°N 5.60972°E
Diepenbroek,Helmond,51°27′55″N 5°36′15″E﻿ / ﻿51.46528°N 5.60417°E
Diessen,Hilvarenbeek,51°28′30″N 5°10′30″E﻿ / ﻿51.47500°N 5.17500°E
Dijk,Asten,51°24′55″N 5°42′50″E﻿ / ﻿51.41528°N 5.71389°E
Dijk,Veghel,51°35′50″N 5°35′45″E﻿ / ﻿51.59722°N 5.59583°E
Dinteloord,Steenbergen,51°38′05″N 4°22′10″E﻿ / ﻿51.63472°N 4.36944°E
Dintelsas,Steenbergen,51°39′05″N 4°22′35″E﻿ / ﻿51.65139°N 4.37639°E
Dinther,Bernheze,51°38′45″N 5°29′15″E﻿ / ﻿51.64583°N 5.48750°E
Dinthersehoek,Bernheze,51°39′20″N 5°32′10″E﻿ / ﻿51.65556°N 5.53611°E
Distelberg,Haaren,51°39′30″N 5°13′05″E﻿ / ﻿51.65833°N 5.21806°E
Diunt,Breda,51°30′30″N 4°44′50″E﻿ / ﻿51.50833°N 4.74722°E
Doeveren,Heusden,51°43′20″N 5°05′15″E﻿ / ﻿51.72222°N 5.08750°E
Dommelen,Valkenswaard,51°21′20″N 5°25′50″E﻿ / ﻿51.35556°N 5.43056°E
Dommelsvoort,Cuijk,51°44′00″N 5°50′00″E﻿ / ﻿51.73333°N 5.83333°E
Dongen,Dongen,51°37′35″N 4°56′20″E﻿ / ﻿51.62639°N 4.93889°E
Donk,Eersel,51°25′55″N 5°16′15″E﻿ / ﻿51.43194°N 5.27083°E
Donkersvoort,Laarbeek,51°32′20″N 5°35′35″E﻿ / ﻿51.53889°N 5.59306°E
Donzel,Bernheze,51°42′55″N 5°32′50″E﻿ / ﻿51.71528°N 5.54722°E
Doonheide,Gemert-Bakel,51°34′00″N 5°41′40″E﻿ / ﻿51.56667°N 5.69444°E
Doornhoek,Veghel,51°36′05″N 5°32′10″E﻿ / ﻿51.60139°N 5.53611°E
Doornhoek,Sint-Michielsgestel,51°40′55″N 5°24′25″E﻿ / ﻿51.68194°N 5.40694°E
Dorshout,Veghel,51°37′30″N 5°31′25″E﻿ / ﻿51.62500°N 5.52361°E
Dorst,Oosterhout,51°35′25″N 4°51′25″E﻿ / ﻿51.59028°N 4.85694°E
Drie Hoefijzers,Moerdijk,51°39′30″N 4°41′35″E﻿ / ﻿51.65833°N 4.69306°E
Driehoek,Son en Breugel,51°30′10″N 5°29′50″E﻿ / ﻿51.50278°N 5.49722°E
Driehoek,Zundert,51°27′45″N 4°37′30″E﻿ / ﻿51.46250°N 4.62500°E
Driehoek,Sint Anthonis,51°36′00″N 5°52′45″E﻿ / ﻿51.60000°N 5.87917°E
Driehoek,Moerdijk,51°38′45″N 4°26′15″E﻿ / ﻿51.64583°N 4.43750°E
Driehuis,Eersel,51°23′05″N 5°19′25″E﻿ / ﻿51.38472°N 5.32361°E
Driehuizen,Veghel,51°38′35″N 5°34′10″E﻿ / ﻿51.64306°N 5.56944°E
Driehuizen,Baarle-Nassau,51°27′15″N 4°58′05″E﻿ / ﻿51.45417°N 4.96806°E
Driehuizen,Hilvarenbeek,51°30′05″N 5°08′25″E﻿ / ﻿51.50139°N 5.14028°E
Driehuizen,Eersel,51°24′50″N 5°17′50″E﻿ / ﻿51.41389°N 5.29722°E
Drimmelen,Drimmelen,51°42′25″N 4°48′15″E﻿ / ﻿51.70694°N 4.80417°E
Drongelen,Aalburg,51°43′00″N 5°03′15″E﻿ / ﻿51.71667°N 5.05417°E
Druisdijk,Alphen-Chaam,51°30′55″N 4°58′45″E﻿ / ﻿51.51528°N 4.97917°E
Drunen,Heusden,51°41′10″N 5°08′00″E﻿ / ﻿51.68611°N 5.13333°E
Duifhuis,Uden,51°38′20″N 5°35′45″E﻿ / ﻿51.63889°N 5.59583°E
Duifhuis,Landerd,51°43′10″N 5°41′00″E﻿ / ﻿51.71944°N 5.68333°E
Duiksehoef,Loon op Zand,51°38′25″N 5°02′40″E﻿ / ﻿51.64028°N 5.04444°E
Duizel,Eersel,51°22′05″N 5°17′50″E﻿ / ﻿51.36806°N 5.29722°E
Duizend Morgen,Woudrichem,51°48′00″N 5°00′35″E﻿ / ﻿51.80000°N 5.00972°E
Dun,Hilvarenbeek,51°26′00″N 5°09′40″E﻿ / ﻿51.43333°N 5.16111°E
Dussen,Werkendam,51°43′50″N 4°57′45″E﻿ / ﻿51.73056°N 4.96250°E
Duurendseind,Oss,51°46′50″N 5°35′10″E﻿ / ﻿51.78056°N 5.58611°E
Eeneind,"Nuenen, Gerwen en Nederwetten",51°27′05″N 5°32′50″E﻿ / ﻿51.45139°N 5.54722°E
Eerde,Veghel,51°36′15″N 5°29′55″E﻿ / ﻿51.60417°N 5.49861°E
Eersel,Eersel,51°21′30″N 5°19′05″E﻿ / ﻿51.35833°N 5.31806°E
Eethen,Aalburg,51°43′55″N 5°03′10″E﻿ / ﻿51.73194°N 5.05278°E
Effen,Breda,51°33′10″N 4°43′45″E﻿ / ﻿51.55278°N 4.72917°E
Egypte,Bladel,51°21′30″N 5°13′15″E﻿ / ﻿51.35833°N 5.22083°E
Eikberg,Breda,51°33′30″N 4°50′00″E﻿ / ﻿51.55833°N 4.83333°E
Eikelenbosch,Baarle-Nassau,51°25′35″N 4°54′00″E﻿ / ﻿51.42639°N 4.90000°E
Eikenheuvel,Uden,51°38′20″N 5°36′40″E﻿ / ﻿51.63889°N 5.61111°E
Eiland,Woensdrecht,51°25′40″N 4°22′00″E﻿ / ﻿51.42778°N 4.36667°E
Eind,Bergeijk,51°21′10″N 5°23′45″E﻿ / ﻿51.35278°N 5.39583°E
Eind,Son en Breugel,51°31′15″N 5°31′25″E﻿ / ﻿51.52083°N 5.52361°E
Eindhoven,Eindhoven,51°26′25″N 5°28′40″E﻿ / ﻿51.44028°N 5.47778°E
Eindje,Someren,51°26′30″N 5°40′15″E﻿ / ﻿51.44167°N 5.67083°E
Eind van Den Hout,Oosterhout,51°39′35″N 4°47′25″E﻿ / ﻿51.65972°N 4.79028°E
Elde,Schijndel,51°37′00″N 5°24′45″E﻿ / ﻿51.61667°N 5.41250°E
Elsendorp,Gemert-Bakel,51°34′50″N 5°46′10″E﻿ / ﻿51.58056°N 5.76944°E
Elshout,Heusden,51°42′05″N 5°08′30″E﻿ / ﻿51.70139°N 5.14167°E
Elst,Maasdonk,51°44′40″N 5°27′15″E﻿ / ﻿51.74444°N 5.45417°E
Empel,'s-Hertogenbosch,51°43′50″N 5°19′35″E﻿ / ﻿51.73056°N 5.32639°E
Eng,Woudrichem,51°47′00″N 5°00′50″E﻿ / ﻿51.78333°N 5.01389°E
Engelen,'s-Hertogenbosch,51°43′15″N 5°15′55″E﻿ / ﻿51.72083°N 5.26528°E
Erp,Veghel,51°36′00″N 5°36′25″E﻿ / ﻿51.60000°N 5.60694°E
Esbeek,Hilvarenbeek,51°27′45″N 5°08′15″E﻿ / ﻿51.46250°N 5.13750°E
Esch,Haaren,51°36′40″N 5°17′25″E﻿ / ﻿51.61111°N 5.29028°E
Escharen,Grave,51°44′35″N 5°44′45″E﻿ / ﻿51.74306°N 5.74583°E
Esdonk,Gemert-Bakel,51°34′55″N 5°40′00″E﻿ / ﻿51.58194°N 5.66667°E
Esp,Gemert-Bakel,51°31′10″N 5°43′35″E﻿ / ﻿51.51944°N 5.72639°E
Etten-Leur,Etten-Leur,51°34′25″N 4°38′25″E﻿ / ﻿51.57361°N 4.64028°E
Euvelwegen,Heeze-Leende,51°21′35″N 5°35′40″E﻿ / ﻿51.35972°N 5.59444°E
Evenheuvel,Oirschot,51°31′10″N 5°18′40″E﻿ / ﻿51.51944°N 5.31111°E
Everland,Roosendaal,51°29′45″N 4°27′00″E﻿ / ﻿51.49583°N 4.45000°E
Everse,Sint-Oedenrode,51°34′20″N 5°29′15″E﻿ / ﻿51.57222°N 5.48750°E
Ewinkel,Cuijk,51°44′00″N 5°51′05″E﻿ / ﻿51.73333°N 5.85139°E
Fijnaart,Moerdijk,51°38′15″N 4°28′10″E﻿ / ﻿51.63750°N 4.46944°E
Fokkershoek,Bernheze,51°39′30″N 5°27′05″E﻿ / ﻿51.65833°N 5.45139°E
Franse Hoef,Bladel,51°22′35″N 5°11′55″E﻿ / ﻿51.37639°N 5.19861°E
Gaete,Drimmelen,51°42′00″N 4°43′00″E﻿ / ﻿51.70000°N 4.71667°E
Galder,Alphen-Chaam,51°30′55″N 4°46′35″E﻿ / ﻿51.51528°N 4.77639°E
Gassel,Grave,51°44′30″N 5°46′50″E﻿ / ﻿51.74167°N 5.78056°E
Gastel,Cranendonck,51°17′10″N 5°33′20″E﻿ / ﻿51.28611°N 5.55556°E
Gastelsveer,Halderberge,51°34′55″N 4°26′05″E﻿ / ﻿51.58194°N 4.43472°E
Gebergte,Someren,51°26′00″N 5°39′55″E﻿ / ﻿51.43333°N 5.66528°E
Geeneind,Helmond,51°29′40″N 5°36′20″E﻿ / ﻿51.49444°N 5.60556°E
Geersbroek,Alphen-Chaam,51°32′25″N 4°49′20″E﻿ / ﻿51.54028°N 4.82222°E
Geertruidenberg,Geertruidenberg,51°42′05″N 4°51′25″E﻿ / ﻿51.70139°N 4.85694°E
Geffen,Oss,51°44′25″N 5°27′50″E﻿ / ﻿51.74028°N 5.46389°E
Geldrop,Geldrop,51°25′20″N 5°33′35″E﻿ / ﻿51.42222°N 5.55972°E
Gement,Oss,51°46′50″N 5°34′00″E﻿ / ﻿51.78056°N 5.56667°E
Gemert,Gemert-Bakel,51°33′20″N 5°41′25″E﻿ / ﻿51.55556°N 5.69028°E
Gemonde,Sint-Michielsgestel,51°37′05″N 5°21′25″E﻿ / ﻿51.61806°N 5.35694°E
Genderen,Aalburg,51°44′10″N 5°05′15″E﻿ / ﻿51.73611°N 5.08750°E
Geneneind,Gemert-Bakel,51°30′40″N 5°44′00″E﻿ / ﻿51.51111°N 5.73333°E
Gennep,Eindhoven,51°25′15″N 5°28′25″E﻿ / ﻿51.42083°N 5.47361°E
Genoenhuis,Geldrop,51°24′35″N 5°32′20″E﻿ / ﻿51.40972°N 5.53889°E
Gerwen,"Nuenen, Gerwen en Nederwetten",51°29′25″N 5°33′45″E﻿ / ﻿51.49028°N 5.56250°E
Gever,Haaren,51°35′30″N 5°13′25″E﻿ / ﻿51.59167°N 5.22361°E
Gewande,'s-Hertogenbosch,51°45′05″N 5°20′55″E﻿ / ﻿51.75139°N 5.34861°E
Giessen,Woudrichem,51°47′25″N 5°01′50″E﻿ / ﻿51.79028°N 5.03056°E
Gijzel,Haaren,51°37′35″N 5°12′55″E﻿ / ﻿51.62639°N 5.21528°E
Gijzenrooi,Geldrop,51°24′40″N 5°31′40″E﻿ / ﻿51.41111°N 5.52778°E
Gilze,Gilze en Rijen,51°32′40″N 4°56′25″E﻿ / ﻿51.54444°N 4.94028°E
Ginderdoor,Alphen-Chaam,51°30′10″N 4°50′25″E﻿ / ﻿51.50278°N 4.84028°E
Ginderdoor,Laarbeek,51°32′00″N 5°34′55″E﻿ / ﻿51.53333°N 5.58194°E
Ginderover,Heeze-Leende,51°22′20″N 5°35′05″E﻿ / ﻿51.37222°N 5.58472°E
Goor,Geldrop,51°27′15″N 5°38′25″E﻿ / ﻿51.45417°N 5.64028°E
Gorp,Hilvarenbeek,51°29′00″N 5°05′00″E﻿ / ﻿51.48333°N 5.08333°E
Gorpeind,Baarle-Nassau,51°25′35″N 4°54′15″E﻿ / ﻿51.42639°N 4.90417°E
Graspeel,Landerd,51°41′20″N 5°42′00″E﻿ / ﻿51.68889°N 5.70000°E
Grave,Grave,51°45′20″N 5°44′15″E﻿ / ﻿51.75556°N 5.73750°E
Grazen,Alphen-Chaam,51°29′25″N 4°49′40″E﻿ / ﻿51.49028°N 4.82778°E
Groenendijk,Oosterhout,51°38′40″N 4°54′05″E﻿ / ﻿51.64444°N 4.90139°E
Groenewoud,Laarbeek,51°31′20″N 5°37′20″E﻿ / ﻿51.52222°N 5.62222°E
Groene Woud,Oirschot,51°30′10″N 5°16′55″E﻿ / ﻿51.50278°N 5.28194°E
Groeningen,Boxmeer,51°36′30″N 5°59′50″E﻿ / ﻿51.60833°N 5.99722°E
Groenstraat,Hilvarenbeek,51°27′25″N 5°08′55″E﻿ / ﻿51.45694°N 5.14861°E
Groot-Bedaf,Baarle-Nassau,51°27′05″N 5°00′10″E﻿ / ﻿51.45139°N 5.00278°E
Groot Bruggen,Deurne,51°28′40″N 5°45′15″E﻿ / ﻿51.47778°N 5.75417°E
Groote Bottel,Deurne,51°27′20″N 5°46′30″E﻿ / ﻿51.45556°N 5.77500°E
Groote Hoeven,Someren,51°22′30″N 5°42′20″E﻿ / ﻿51.37500°N 5.70556°E
Groot Loo,Hilvarenbeek,51°29′15″N 5°06′50″E﻿ / ﻿51.48750°N 5.11389°E
Grotel,Gemert-Bakel,51°31′15″N 5°41′30″E﻿ / ﻿51.52083°N 5.69167°E
Grote Voort,Hilvarenbeek,51°30′05″N 5°07′30″E﻿ / ﻿51.50139°N 5.12500°E
Haanwijk,Sint-Michielsgestel,51°39′15″N 5°19′25″E﻿ / ﻿51.65417°N 5.32361°E
Haaren,Haaren,51°36′10″N 5°13′20″E﻿ / ﻿51.60278°N 5.22222°E
Haarsteeg,Heusden,51°42′45″N 5°11′55″E﻿ / ﻿51.71250°N 5.19861°E
Haart,Boxmeer,51°41′00″N 5°54′50″E﻿ / ﻿51.68333°N 5.91389°E
Haghorst,Hilvarenbeek,51°29′45″N 5°12′25″E﻿ / ﻿51.49583°N 5.20694°E
Haiink,Roosendaal,51°30′25″N 4°24′55″E﻿ / ﻿51.50694°N 4.41528°E
Hal,Haaren,51°37′50″N 5°18′40″E﻿ / ﻿51.63056°N 5.31111°E
Halder,Sint-Michielsgestel,51°38′55″N 5°19′25″E﻿ / ﻿51.64861°N 5.32361°E
Halfmijl,Veldhoven,51°25′00″N 5°19′30″E﻿ / ﻿51.41667°N 5.32500°E
Halsteren,Bergen op Zoom,51°31′40″N 4°16′30″E﻿ / ﻿51.52778°N 4.27500°E
Halte,Deurne,51°26′40″N 5°52′20″E﻿ / ﻿51.44444°N 5.87222°E
Ham,Sint Anthonis,51°39′25″N 5°49′45″E﻿ / ﻿51.65694°N 5.82917°E
Ham,Veghel,51°35′50″N 5°34′30″E﻿ / ﻿51.59722°N 5.57500°E
Handel,Gemert-Bakel,51°34′50″N 5°42′35″E﻿ / ﻿51.58056°N 5.70972°E
Hanenberg,Deurne,51°27′00″N 5°49′25″E﻿ / ﻿51.45000°N 5.82361°E
Hank,Sint Anthonis,51°39′35″N 5°48′25″E﻿ / ﻿51.65972°N 5.80694°E
Hank,Werkendam,51°44′05″N 4°53′50″E﻿ / ﻿51.73472°N 4.89722°E
Hapert,Bladel,51°22′05″N 5°15′25″E﻿ / ﻿51.36806°N 5.25694°E
Haps,Cuijk,51°41′20″N 5°51′40″E﻿ / ﻿51.68889°N 5.86111°E
Haren,Oss,51°48′05″N 5°35′05″E﻿ / ﻿51.80139°N 5.58472°E
Haring,Cuijk,51°41′50″N 5°52′05″E﻿ / ﻿51.69722°N 5.86806°E
Havelt,Veghel,51°36′15″N 5°33′45″E﻿ / ﻿51.60417°N 5.56250°E
Hazelaar,Roosendaal,51°31′30″N 4°22′05″E﻿ / ﻿51.52500°N 4.36806°E
Hazelberg,Bernheze,51°38′25″N 5°32′20″E﻿ / ﻿51.64028°N 5.53889°E
Hazeldonk,Zundert,51°30′15″N 4°44′05″E﻿ / ﻿51.50417°N 4.73472°E
Hazenhurk,Heeze-Leende,51°22′15″N 5°34′05″E﻿ / ﻿51.37083°N 5.56806°E
Hazennest,Tilburg,51°35′15″N 5°06′30″E﻿ / ﻿51.58750°N 5.10833°E
Hedel,Oirschot,51°31′10″N 5°18′00″E﻿ / ﻿51.51944°N 5.30000°E
Hedikhuizen,Heusden,51°44′00″N 5°11′10″E﻿ / ﻿51.73333°N 5.18611°E
Heensche Molen,Steenbergen,51°36′10″N 4°14′45″E﻿ / ﻿51.60278°N 4.24583°E
Heereind,Laarbeek,51°32′20″N 5°37′00″E﻿ / ﻿51.53889°N 5.61667°E
Heerendonk,"Nuenen, Gerwen en Nederwetten",51°30′00″N 5°31′15″E﻿ / ﻿51.50000°N 5.52083°E
Heerle,Roosendaal,51°31′10″N 4°21′35″E﻿ / ﻿51.51944°N 4.35972°E
Heers,Veldhoven,51°23′40″N 5°24′00″E﻿ / ﻿51.39444°N 5.40000°E
Heerstaaien,Alphen-Chaam,51°31′10″N 4°47′30″E﻿ / ﻿51.51944°N 4.79167°E
Heesakker,Haaren,51°36′40″N 5°15′30″E﻿ / ﻿51.61111°N 5.25833°E
Heesbeen,Heusden,51°43′15″N 5°07′15″E﻿ / ﻿51.72083°N 5.12083°E
Heesboom,Baarle-Nassau,51°26′15″N 4°53′30″E﻿ / ﻿51.43750°N 4.89167°E
Heesch,Bernheze,51°44′00″N 5°31′45″E﻿ / ﻿51.73333°N 5.52917°E
Heeseind,Maasdonk,51°43′40″N 5°25′25″E﻿ / ﻿51.72778°N 5.42361°E
Heeswijk,Bernheze,51°39′05″N 5°28′30″E﻿ / ﻿51.65139°N 5.47500°E
Heeswijk,Cuijk,51°44′10″N 5°51′15″E﻿ / ﻿51.73611°N 5.85417°E
Heeze,Heeze-Leende,51°23′00″N 5°34′20″E﻿ / ﻿51.38333°N 5.57222°E
Heezerenbosch,Heeze-Leende,51°22′25″N 5°33′05″E﻿ / ﻿51.37361°N 5.55139°E
Heiderschoor,Geldrop,51°27′05″N 5°35′05″E﻿ / ﻿51.45139°N 5.58472°E
Heidveld,Gemert-Bakel,51°29′10″N 5°44′15″E﻿ / ﻿51.48611°N 5.73750°E
Heieind,Deurne,51°26′30″N 5°46′55″E﻿ / ﻿51.44167°N 5.78194°E
Heieind,Bladel,51°24′25″N 5°15′10″E﻿ / ﻿51.40694°N 5.25278°E
Heieind,Someren,51°25′05″N 5°40′15″E﻿ / ﻿51.41806°N 5.67083°E
Heiereind,Bergeijk,51°21′00″N 5°23′50″E﻿ / ﻿51.35000°N 5.39722°E
Heihoefke,Bergen op Zoom,51°28′00″N 4°20′00″E﻿ / ﻿51.46667°N 4.33333°E
Heihoek,Grave,51°43′50″N 5°47′15″E﻿ / ﻿51.73056°N 5.78750°E
Heijbeek,Roosendaal,51°28′55″N 4°28′50″E﻿ / ﻿51.48194°N 4.48056°E
Heijningen,Moerdijk,51°39′20″N 4°24′30″E﻿ / ﻿51.65556°N 4.40833°E
Heikant,Boxmeer,51°35′00″N 5°57′15″E﻿ / ﻿51.58333°N 5.95417°E
Heikant,Bladel,51°23′35″N 5°17′25″E﻿ / ﻿51.39306°N 5.29028°E
Heikant,Tilburg,51°35′40″N 5°09′35″E﻿ / ﻿51.59444°N 5.15972°E
Heikant,Someren,51°22′35″N 5°41′05″E﻿ / ﻿51.37639°N 5.68472°E
Heikant,Baarle-Nassau,51°26′55″N 4°57′50″E﻿ / ﻿51.44861°N 4.96389°E
Heikant,Cranendonck,51°15′40″N 5°35′00″E﻿ / ﻿51.26111°N 5.58333°E
Heikant,Reusel-De Mierden,51°23′45″N 5°10′55″E﻿ / ﻿51.39583°N 5.18194°E
Heikant,Waalre,51°22′35″N 5°26′50″E﻿ / ﻿51.37639°N 5.44722°E
Heikant,Uden,51°38′05″N 5°40′15″E﻿ / ﻿51.63472°N 5.67083°E
Heikant,Alphen-Chaam,51°30′55″N 4°52′20″E﻿ / ﻿51.51528°N 4.87222°E
Heikant,Tilburg,51°33′40″N 4°58′30″E﻿ / ﻿51.56111°N 4.97500°E
Heikant,Sint Anthonis,51°35′50″N 5°52′25″E﻿ / ﻿51.59722°N 5.87361°E
Heikant,Laarbeek,51°30′35″N 5°40′25″E﻿ / ﻿51.50972°N 5.67361°E
Heikant,Oisterwijk,51°32′55″N 5°13′15″E﻿ / ﻿51.54861°N 5.22083°E
Heikant,Oosterhout,51°38′10″N 4°53′10″E﻿ / ﻿51.63611°N 4.88611°E
Heikant,Boxmeer,51°37′40″N 5°57′10″E﻿ / ﻿51.62778°N 5.95278°E
Heikant,Baarle-Nassau,51°27′15″N 4°50′45″E﻿ / ﻿51.45417°N 4.84583°E
Heikant,Hilvarenbeek,51°26′50″N 5°11′05″E﻿ / ﻿51.44722°N 5.18472°E
Heikantse Hoeve,Sint-Michielsgestel,51°40′35″N 5°26′45″E﻿ / ﻿51.67639°N 5.44583°E
Heiligeboom,Oisterwijk,51°32′40″N 5°12′20″E﻿ / ﻿51.54444°N 5.20556°E
Heimolen,Bergen op Zoom,51°28′10″N 4°19′20″E﻿ / ﻿51.46944°N 4.32222°E
Heimolen,Deurne,51°26′15″N 5°47′25″E﻿ / ﻿51.43750°N 5.79028°E
Heische Wal,Bernheze,51°39′30″N 5°31′30″E﻿ / ﻿51.65833°N 5.52500°E
Heistraat,Oosterhout,51°38′20″N 4°53′50″E﻿ / ﻿51.63889°N 4.89722°E
Heistraat,Eindhoven,51°26′15″N 5°24′35″E﻿ / ﻿51.43750°N 5.40972°E
Heitrak,Deurne,51°22′50″N 5°51′30″E﻿ / ﻿51.38056°N 5.85833°E
Helbroek,Boxmeer,51°40′50″N 5°56′15″E﻿ / ﻿51.68056°N 5.93750°E
Helenaveen,Deurne,51°23′25″N 5°55′00″E﻿ / ﻿51.39028°N 5.91667°E
Helkant,Drimmelen,51°40′30″N 4°45′15″E﻿ / ﻿51.67500°N 4.75417°E
Hellegat,Zundert,51°32′10″N 4°41′30″E﻿ / ﻿51.53611°N 4.69167°E
Helleneind,Bladel,51°22′15″N 5°12′45″E﻿ / ﻿51.37083°N 5.21250°E
Helmond,Helmond,51°28′55″N 5°39′40″E﻿ / ﻿51.48194°N 5.66111°E
Helvoirt,Haaren,51°37′55″N 5°13′50″E﻿ / ﻿51.63194°N 5.23056°E
Helwijk,Moerdijk,51°40′35″N 4°25′55″E﻿ / ﻿51.67639°N 4.43194°E
Hengstheuvel,Uden,51°40′40″N 5°36′30″E﻿ / ﻿51.67778°N 5.60833°E
Hermalen,Schijndel,51°36′35″N 5°24′10″E﻿ / ﻿51.60972°N 5.40278°E
Herpen,Oss,51°46′20″N 5°38′30″E﻿ / ﻿51.77222°N 5.64167°E
Herpt,Heusden,51°43′45″N 5°09′20″E﻿ / ﻿51.72917°N 5.15556°E
Hersel,Someren,51°26′15″N 5°40′15″E﻿ / ﻿51.43750°N 5.67083°E
Hersend,Sint-Michielsgestel,51°40′10″N 5°23′50″E﻿ / ﻿51.66944°N 5.39722°E
Hespelaar,Oosterhout,51°39′55″N 4°48′40″E﻿ / ﻿51.66528°N 4.81111°E
Het Bosch,Bladel,51°23′25″N 5°13′10″E﻿ / ﻿51.39028°N 5.21944°E
Het Broek,Geldrop,51°27′15″N 5°35′35″E﻿ / ﻿51.45417°N 5.59306°E
Het Goordonk,Baarle-Nassau,51°27′10″N 4°54′30″E﻿ / ﻿51.45278°N 4.90833°E
Het Heike,Eersel,51°25′30″N 5°16′55″E﻿ / ﻿51.42500°N 5.28194°E
Het Hoekske,Rucphen,51°30′50″N 4°30′05″E﻿ / ﻿51.51389°N 4.50139°E
Het Hool,Laarbeek,51°31′10″N 5°36′35″E﻿ / ﻿51.51944°N 5.60972°E
Het Laar,Laarbeek,51°31′10″N 5°37′25″E﻿ / ﻿51.51944°N 5.62361°E
Het Oosteind,Rucphen,51°32′25″N 4°37′40″E﻿ / ﻿51.54028°N 4.62778°E
Het Sas,Alphen-Chaam,51°28′10″N 4°59′05″E﻿ / ﻿51.46944°N 4.98472°E
Het Wild,Lith,51°45′55″N 5°22′00″E﻿ / ﻿51.76528°N 5.36667°E
Het Zand,Drimmelen,51°38′10″N 4°46′05″E﻿ / ﻿51.63611°N 4.76806°E
Heukelom,Oisterwijk,51°34′35″N 5°09′25″E﻿ / ﻿51.57639°N 5.15694°E
Heusden,Heusden,51°44′05″N 5°08′20″E﻿ / ﻿51.73472°N 5.13889°E
Heusden,Asten,51°23′05″N 5°45′50″E﻿ / ﻿51.38472°N 5.76389°E
Heuvel,Veghel,51°36′35″N 5°33′55″E﻿ / ﻿51.60972°N 5.56528°E
Heuvel,Valkenswaard,51°18′25″N 5°24′35″E﻿ / ﻿51.30694°N 5.40972°E
Heuvel,Bladel,51°23′40″N 5°17′10″E﻿ / ﻿51.39444°N 5.28611°E
Heuvelberg,Veghel,51°35′30″N 5°37′35″E﻿ / ﻿51.59167°N 5.62639°E
Heuvelstraat,Oisterwijk,51°31′00″N 5°09′35″E﻿ / ﻿51.51667°N 5.15972°E
Heuveltje,Tilburg,51°35′50″N 5°08′20″E﻿ / ﻿51.59722°N 5.13889°E
Hezelaar,Sint-Michielsgestel,51°38′05″N 5°22′05″E﻿ / ﻿51.63472°N 5.36806°E
Hezelaar,Boxtel,51°34′05″N 5°23′30″E﻿ / ﻿51.56806°N 5.39167°E
Hilakker,Gemert-Bakel,51°29′20″N 5°44′35″E﻿ / ﻿51.48889°N 5.74306°E
Hild,Oisterwijk,51°32′20″N 5°11′50″E﻿ / ﻿51.53889°N 5.19722°E
Hill,Aalburg,51°44′55″N 4°59′35″E﻿ / ﻿51.74861°N 4.99306°E
Hilvarenbeek,Hilvarenbeek,51°29′10″N 5°08′15″E﻿ / ﻿51.48611°N 5.13750°E
Hoefkens,Landerd,51°43′05″N 5°41′45″E﻿ / ﻿51.71806°N 5.69583°E
Hoek,Sint-Michielsgestel,51°39′50″N 5°23′35″E﻿ / ﻿51.66389°N 5.39306°E
Hoek,Veghel,51°35′45″N 5°37′50″E﻿ / ﻿51.59583°N 5.63056°E
Hoek,Valkenswaard,51°18′25″N 5°25′35″E﻿ / ﻿51.30694°N 5.42639°E
Hoekdries,Eersel,51°23′40″N 5°19′55″E﻿ / ﻿51.39444°N 5.33194°E
Hoekeinde,Werkendam,51°49′00″N 4°57′40″E﻿ / ﻿51.81667°N 4.96111°E
Hoekske,Moerdijk,51°41′20″N 4°39′15″E﻿ / ﻿51.68889°N 4.65417°E
Hoeve,Valkenswaard,51°17′35″N 5°25′40″E﻿ / ﻿51.29306°N 5.42778°E
Hoeven,Gemert-Bakel,51°29′55″N 5°47′35″E﻿ / ﻿51.49861°N 5.79306°E
Hoeven,Sint Anthonis,51°39′05″N 5°48′40″E﻿ / ﻿51.65139°N 5.81111°E
Hoeven,Halderberge,51°34′45″N 4°35′00″E﻿ / ﻿51.57917°N 4.58333°E
Hoeves,Schijndel,51°36′40″N 5°29′00″E﻿ / ﻿51.61111°N 5.48333°E
Hoevestein,Roosendaal,51°29′05″N 4°24′45″E﻿ / ﻿51.48472°N 4.41250°E
Hollandsdiep,Roosendaal,51°28′20″N 4°27′10″E﻿ / ﻿51.47222°N 4.45278°E
Holthees,Boxmeer,51°34′30″N 6°00′20″E﻿ / ﻿51.57500°N 6.00556°E
Hommelse Hoeven,Bernheze,51°39′40″N 5°30′05″E﻿ / ﻿51.66111°N 5.50139°E
Hondseind,Alphen-Chaam,51°28′25″N 4°58′40″E﻿ / ﻿51.47361°N 4.97778°E
Hoogcasteren,Bladel,51°24′15″N 5°17′40″E﻿ / ﻿51.40417°N 5.29444°E
Hooge Aard,Gilze en Rijen,51°33′05″N 4°52′05″E﻿ / ﻿51.55139°N 4.86806°E
Hooge Berkt,Bergeijk,51°19′35″N 5°20′20″E﻿ / ﻿51.32639°N 5.33889°E
Hoogebiezen,Veghel,51°35′25″N 5°31′25″E﻿ / ﻿51.59028°N 5.52361°E
Hooge Heide,Landerd,51°44′15″N 5°36′15″E﻿ / ﻿51.73750°N 5.60417°E
Hoogeind,Boxmeer,51°39′30″N 5°54′00″E﻿ / ﻿51.65833°N 5.90000°E
Hoogeind,Baarle-Nassau,51°26′05″N 4°54′00″E﻿ / ﻿51.43472°N 4.90000°E
Hoogeind,Oirschot,51°27′50″N 5°16′35″E﻿ / ﻿51.46389°N 5.27639°E
Hoogeind,Hilvarenbeek,51°27′00″N 5°08′10″E﻿ / ﻿51.45000°N 5.13611°E
Hoogeind,Boxmeer,51°41′45″N 5°56′35″E﻿ / ﻿51.69583°N 5.94306°E
Hoogeloon,Bladel,51°23′50″N 5°16′05″E﻿ / ﻿51.39722°N 5.26806°E
Hooge Mierde,Reusel-De Mierden,51°23′15″N 5°07′45″E﻿ / ﻿51.38750°N 5.12917°E
Hoogen-Aarle,Gemert-Bakel,51°31′50″N 5°43′10″E﻿ / ﻿51.53056°N 5.71944°E
Hoogerheide,Woensdrecht,51°25′25″N 4°19′30″E﻿ / ﻿51.42361°N 4.32500°E
Hooge Wijst,Bernheze,51°43′20″N 5°32′30″E﻿ / ﻿51.72222°N 5.54167°E
Hooge Zwaluwe,Drimmelen,51°41′15″N 4°44′40″E﻿ / ﻿51.68750°N 4.74444°E
Hooghout,Haaren,51°37′05″N 5°11′50″E﻿ / ﻿51.61806°N 5.19722°E
Hoog Spul,Hilvarenbeek,51°28′40″N 5°07′40″E﻿ / ﻿51.47778°N 5.12778°E
Hoogstraat,Eersel,51°21′20″N 5°20′05″E﻿ / ﻿51.35556°N 5.33472°E
Hoogveld,Uden,51°39′30″N 5°40′05″E﻿ / ﻿51.65833°N 5.66806°E
Hooidonk,Son en Breugel,51°30′00″N 5°30′45″E﻿ / ﻿51.50000°N 5.51250°E
Hool,"Nuenen, Gerwen en Nederwetten",51°29′30″N 5°33′05″E﻿ / ﻿51.49167°N 5.55139°E
Horst,Gilze en Rijen,51°32′20″N 4°55′40″E﻿ / ﻿51.53889°N 4.92778°E
Horzik,Sint-Michielsgestel,51°39′50″N 5°21′30″E﻿ / ﻿51.66389°N 5.35833°E
Hout,Geldrop,51°24′30″N 5°33′35″E﻿ / ﻿51.40833°N 5.55972°E
Houtens,Son en Breugel,51°30′25″N 5°28′30″E﻿ / ﻿51.50694°N 5.47500°E
Houterd,Schijndel,51°38′35″N 5°26′25″E﻿ / ﻿51.64306°N 5.44028°E
Houtgoor,Alphen-Chaam,51°29′35″N 4°51′40″E﻿ / ﻿51.49306°N 4.86111°E
Hugten,Cranendonck,51°19′10″N 5°39′40″E﻿ / ﻿51.31944°N 5.66111°E
Huij,Cuijk,51°42′25″N 5°54′05″E﻿ / ﻿51.70694°N 5.90139°E
Huijbergen,Woensdrecht,51°25′55″N 4°22′35″E﻿ / ﻿51.43194°N 4.37639°E
Huisseling,Oss,51°47′15″N 5°38′20″E﻿ / ﻿51.78750°N 5.63889°E
Huisvennen,Baarle-Nassau,51°27′55″N 4°54′30″E﻿ / ﻿51.46528°N 4.90833°E
Huize Padua,Boekel,51°35′20″N 5°42′10″E﻿ / ﻿51.58889°N 5.70278°E
Hulsbeek,Sint Anthonis,51°39′15″N 5°50′40″E﻿ / ﻿51.65417°N 5.84444°E
Hulsdonk,Zundert,51°28′25″N 4°36′55″E﻿ / ﻿51.47361°N 4.61528°E
Hulsel,Reusel-De Mierden,51°23′20″N 5°10′40″E﻿ / ﻿51.38889°N 5.17778°E
Hulten,Gilze en Rijen,51°34′20″N 4°57′15″E﻿ / ﻿51.57222°N 4.95417°E
Hultje,Uden,51°40′45″N 5°37′50″E﻿ / ﻿51.67917°N 5.63056°E
Hurkske,Veghel,51°35′10″N 5°37′10″E﻿ / ﻿51.58611°N 5.61944°E
Huygevoort,Oirschot,51°27′55″N 5°13′45″E﻿ / ﻿51.46528°N 5.22917°E
IJpelaar,Breda,51°34′40″N 4°48′55″E﻿ / ﻿51.57778°N 4.81528°E
Kaarschot,Zundert,51°31′15″N 4°43′25″E﻿ / ﻿51.52083°N 4.72361°E
Kaathoven,'s-Hertogenbosch,51°41′40″N 5°27′10″E﻿ / ﻿51.69444°N 5.45278°E
Kaatsheuvel,Loon op Zand,51°39′25″N 5°02′05″E﻿ / ﻿51.65694°N 5.03472°E
Kade,Moerdijk,51°37′50″N 4°29′05″E﻿ / ﻿51.63056°N 4.48472°E
Kalishoek,Alphen-Chaam,51°31′20″N 4°52′15″E﻿ / ﻿51.52222°N 4.87083°E
Kameren,Bernheze,51°39′40″N 5°26′15″E﻿ / ﻿51.66111°N 5.43750°E
Kantje,Bernheze,51°41′50″N 5°33′25″E﻿ / ﻿51.69722°N 5.55694°E
Kapeleind,Schijndel,51°37′05″N 5°27′35″E﻿ / ﻿51.61806°N 5.45972°E
Karstraat,Laarbeek,51°32′30″N 5°36′30″E﻿ / ﻿51.54167°N 5.60833°E
Kasteren,Boxtel,51°34′55″N 5°22′05″E﻿ / ﻿51.58194°N 5.36806°E
Kattenberg,Oirschot,51°31′15″N 5°15′10″E﻿ / ﻿51.52083°N 5.25278°E
Kattenbosch,Reusel-De Mierden,51°22′00″N 5°08′50″E﻿ / ﻿51.36667°N 5.14722°E
Katwijk,Cuijk,51°45′00″N 5°52′15″E﻿ / ﻿51.75000°N 5.87083°E
Kaweide,Gemert-Bakel,51°29′35″N 5°46′00″E﻿ / ﻿51.49306°N 5.76667°E
Keent,Oss,51°46′15″N 5°41′45″E﻿ / ﻿51.77083°N 5.69583°E
Keizershoek,Baarle-Nassau,51°26′35″N 4°57′15″E﻿ / ﻿51.44306°N 4.95417°E
Keldonk,Veghel,51°35′15″N 5°35′05″E﻿ / ﻿51.58750°N 5.58472°E
Kerkeind,Haaren,51°35′50″N 5°12′50″E﻿ / ﻿51.59722°N 5.21389°E
Kerkeind,Deurne,51°28′10″N 5°47′15″E﻿ / ﻿51.46944°N 5.78750°E
Kerkeind,Sint-Michielsgestel,51°37′15″N 5°21′00″E﻿ / ﻿51.62083°N 5.35000°E
Kerkeinde,Werkendam,51°49′25″N 4°56′05″E﻿ / ﻿51.82361°N 4.93472°E
Kerkhof,Heeze-Leende,51°22′15″N 5°33′30″E﻿ / ﻿51.37083°N 5.55833°E
Keske,Son en Breugel,51°30′50″N 5°30′50″E﻿ / ﻿51.51389°N 5.51389°E
Kessel,Lith,51°48′15″N 5°24′10″E﻿ / ﻿51.80417°N 5.40278°E
Keunenhoek,Cranendonck,51°17′10″N 5°35′05″E﻿ / ﻿51.28611°N 5.58472°E
Kievitswaard,Werkendam,51°47′35″N 4°49′20″E﻿ / ﻿51.79306°N 4.82222°E
Kijkuit,Bergen op Zoom,51°32′20″N 4°15′30″E﻿ / ﻿51.53889°N 4.25833°E
Kille,Werkendam,51°46′45″N 4°54′40″E﻿ / ﻿51.77917°N 4.91111°E
Kinderbos,Boxtel,51°33′45″N 5°18′55″E﻿ / ﻿51.56250°N 5.31528°E
Kippereind,Reusel-De Mierden,51°20′55″N 5°09′55″E﻿ / ﻿51.34861°N 5.16528°E
Kivitsbraak,Gemert-Bakel,51°31′30″N 5°42′50″E﻿ / ﻿51.52500°N 5.71389°E
Kladde,Bergen op Zoom,51°33′40″N 4°15′55″E﻿ / ﻿51.56111°N 4.26528°E
Klef,Gemert-Bakel,51°30′40″N 5°47′55″E﻿ / ﻿51.51111°N 5.79861°E
Klein-Bedaf,Baarle-Nassau,51°27′15″N 4°58′45″E﻿ / ﻿51.45417°N 4.97917°E
Klein Bruggen,Deurne,51°28′30″N 5°45′50″E﻿ / ﻿51.47500°N 5.76389°E
Kleinder-Liempde,Boxtel,51°34′20″N 5°20′15″E﻿ / ﻿51.57222°N 5.33750°E
Klein-Dongen,Dongen,51°38′40″N 4°57′00″E﻿ / ﻿51.64444°N 4.95000°E
Kleine Bottel,Deurne,51°27′40″N 5°46′20″E﻿ / ﻿51.46111°N 5.77222°E
Kleine Koolwijk,Oss,51°46′30″N 5°35′40″E﻿ / ﻿51.77500°N 5.59444°E
Kleine Voort,Hilvarenbeek,51°30′00″N 5°07′50″E﻿ / ﻿51.50000°N 5.13056°E
Klein Loo,Hilvarenbeek,51°29′05″N 5°07′25″E﻿ / ﻿51.48472°N 5.12361°E
Klein-Oekel,Zundert,51°30′10″N 4°43′05″E﻿ / ﻿51.50278°N 4.71806°E
Klein-Schoot,Cranendonck,51°15′15″N 5°34′30″E﻿ / ﻿51.25417°N 5.57500°E
Klein-Vortum,Boxmeer,51°37′10″N 5°59′25″E﻿ / ﻿51.61944°N 5.99028°E
Klein-Zundert,Zundert,51°28′50″N 4°39′15″E﻿ / ﻿51.48056°N 4.65417°E
Kleuter,Uden,51°39′35″N 5°39′00″E﻿ / ﻿51.65972°N 5.65000°E
Klooster,Alphen-Chaam,51°31′40″N 4°51′40″E﻿ / ﻿51.52778°N 4.86111°E
Kloostereind,Helmond,51°27′15″N 5°42′15″E﻿ / ﻿51.45417°N 5.70417°E
Klundert,Moerdijk,51°39′55″N 4°32′05″E﻿ / ﻿51.66528°N 4.53472°E
Klutsdorp,Bergen op Zoom,51°33′10″N 4°17′40″E﻿ / ﻿51.55278°N 4.29444°E
Knegsel,Eersel,51°23′55″N 5°20′45″E﻿ / ﻿51.39861°N 5.34583°E
Koevering,Steenbergen,51°34′35″N 4°16′05″E﻿ / ﻿51.57639°N 4.26806°E
Koevering,Sint-Oedenrode,51°34′55″N 5°29′35″E﻿ / ﻿51.58194°N 5.49306°E
Koks,Gemert-Bakel,51°34′25″N 5°39′30″E﻿ / ﻿51.57361°N 5.65833°E
Koningshoeven,Tilburg,51°33′00″N 5°06′45″E﻿ / ﻿51.55000°N 5.11250°E
Kooldert,Uden,51°38′05″N 5°37′15″E﻿ / ﻿51.63472°N 5.62083°E
"Koolwijk, North Brabant",Oss,51°46′10″N 5°36′25″E﻿ / ﻿51.76944°N 5.60694°E
Korn,Werkendam,51°44′55″N 4°57′15″E﻿ / ﻿51.74861°N 4.95417°E
Kouwenberg,Tilburg,51°35′50″N 5°05′20″E﻿ / ﻿51.59722°N 5.08889°E
Kraanmeer,Veghel,51°37′40″N 5°36′35″E﻿ / ﻿51.62778°N 5.60972°E
Kraanven,Loon op Zand,51°37′50″N 5°02′50″E﻿ / ﻿51.63056°N 5.04722°E
Kranenbroek,Helmond,51°27′40″N 5°35′50″E﻿ / ﻿51.46111°N 5.59722°E
Kreek,Moerdijk,51°37′35″N 4°30′35″E﻿ / ﻿51.62639°N 4.50972°E
Kreiel,Eersel,51°26′20″N 5°19′00″E﻿ / ﻿51.43889°N 5.31667°E
Kreijl,Heeze-Leende,51°23′40″N 5°33′50″E﻿ / ﻿51.39444°N 5.56389°E
Kreitsberg,Landerd,51°42′40″N 5°41′00″E﻿ / ﻿51.71111°N 5.68333°E
Kremselen,Sint-Oedenrode,51°33′25″N 5°25′35″E﻿ / ﻿51.55694°N 5.42639°E
Krolhoek,Boxmeer,51°41′30″N 5°55′25″E﻿ / ﻿51.69167°N 5.92361°E
Kruisland,Steenbergen,51°34′10″N 4°24′35″E﻿ / ﻿51.56944°N 4.40972°E
Kruisschot,Helmond,51°29′15″N 5°41′05″E﻿ / ﻿51.48750°N 5.68472°E
Kruisschot,Helmond,51°29′55″N 5°36′15″E﻿ / ﻿51.49861°N 5.60417°E
Kruisstraat,Roosendaal,51°30′40″N 4°27′55″E﻿ / ﻿51.51111°N 4.46528°E
Kruisstraat,'s-Hertogenbosch,51°43′55″N 5°23′40″E﻿ / ﻿51.73194°N 5.39444°E
Kruisstraat,Halderberge,51°35′15″N 4°34′05″E﻿ / ﻿51.58750°N 4.56806°E
Kuiksche Heide,Heusden,51°41′30″N 5°09′40″E﻿ / ﻿51.69167°N 5.16111°E
Kuikseind,Oirschot,51°27′35″N 5°15′25″E﻿ / ﻿51.45972°N 5.25694°E
Kuilenrode,Reusel-De Mierden,51°23′55″N 5°08′00″E﻿ / ﻿51.39861°N 5.13333°E
Kuivezand,Halderberge,51°35′20″N 4°30′20″E﻿ / ﻿51.58889°N 4.50556°E
Kulert,Deurne,51°27′45″N 5°49′20″E﻿ / ﻿51.46250°N 5.82222°E
Kuundert,Gemert-Bakel,51°29′20″N 5°44′50″E﻿ / ﻿51.48889°N 5.74722°E
Kwaalburg,Alphen-Chaam,51°28′35″N 4°56′30″E﻿ / ﻿51.47639°N 4.94167°E
Kwartier,Moerdijk,51°37′50″N 4°26′00″E﻿ / ﻿51.63056°N 4.43333°E
Laageind,Boxmeer,51°39′55″N 5°52′10″E﻿ / ﻿51.66528°N 5.86944°E
Laag-Heukelom,Oisterwijk,51°34′00″N 5°08′40″E﻿ / ﻿51.56667°N 5.14444°E
Laag Spul,Hilvarenbeek,51°28′40″N 5°08′35″E﻿ / ﻿51.47778°N 5.14306°E
Laagstraat,Dongen,51°38′15″N 4°55′10″E﻿ / ﻿51.63750°N 4.91944°E
Laar,Cranendonck,51°18′05″N 5°36′40″E﻿ / ﻿51.30139°N 5.61111°E
Laar,"Nuenen, Gerwen en Nederwetten",51°29′35″N 5°33′15″E﻿ / ﻿51.49306°N 5.55417°E
Laar,Haaren,51°38′00″N 5°12′00″E﻿ / ﻿51.63333°N 5.20000°E
Laar,Sint-Michielsgestel,51°40′25″N 5°25′30″E﻿ / ﻿51.67361°N 5.42500°E
Laarbroek,Asten,51°24′50″N 5°44′10″E﻿ / ﻿51.41389°N 5.73611°E
Lage Aard,Breda,51°33′40″N 4°51′55″E﻿ / ﻿51.56111°N 4.86528°E
Lage Berkt,Bergeijk,51°19′00″N 5°19′35″E﻿ / ﻿51.31667°N 5.32639°E
Lagebiezen,Veghel,51°35′35″N 5°31′55″E﻿ / ﻿51.59306°N 5.53194°E
Lageheide,Grave,51°43′30″N 5°43′30″E﻿ / ﻿51.72500°N 5.72500°E
Lagekant,Maasdonk,51°44′00″N 5°27′00″E﻿ / ﻿51.73333°N 5.45000°E
Lage Mierde,Reusel-De Mierden,51°24′20″N 5°08′50″E﻿ / ﻿51.40556°N 5.14722°E
Lagenheuvel,Uden,51°38′50″N 5°40′05″E﻿ / ﻿51.64722°N 5.66806°E
Lage Wijst,Bernheze,51°43′25″N 5°31′05″E﻿ / ﻿51.72361°N 5.51806°E
Lage Zwaluwe,Drimmelen,51°42′30″N 4°42′15″E﻿ / ﻿51.70833°N 4.70417°E
L'Air Pur,Baarle-Nassau,51°25′10″N 4°56′15″E﻿ / ﻿51.41944°N 4.93750°E
Lamperen,Sint Anthonis,51°38′45″N 5°50′20″E﻿ / ﻿51.64583°N 5.83889°E
Landhorst,Sint Anthonis,51°37′05″N 5°47′30″E﻿ / ﻿51.61806°N 5.79167°E
Landorp,Bladel,51°23′05″N 5°16′10″E﻿ / ﻿51.38472°N 5.26944°E
Land van Kleef,Loon op Zand,51°38′00″N 5°04′45″E﻿ / ﻿51.63333°N 5.07917°E
Langenberg,Boxtel,51°36′00″N 5°21′00″E﻿ / ﻿51.60000°N 5.35000°E
Langenboom,Mill en Sint Hubert,51°42′15″N 5°43′50″E﻿ / ﻿51.70417°N 5.73056°E
Langendijk,Rucphen,51°31′00″N 4°30′45″E﻿ / ﻿51.51667°N 4.51250°E
Langereit,Gilze en Rijen,51°32′20″N 4°54′25″E﻿ / ﻿51.53889°N 4.90694°E
Langeschouw,Rucphen,51°28′55″N 4°32′25″E﻿ / ﻿51.48194°N 4.54028°E
Langeweg,Moerdijk,51°38′55″N 4°39′55″E﻿ / ﻿51.64861°N 4.66528°E
Langlaar,"Nuenen, Gerwen en Nederwetten",51°29′00″N 5°33′15″E﻿ / ﻿51.48333°N 5.55417°E
Lankes,Uden,51°39′05″N 5°39′25″E﻿ / ﻿51.65139°N 5.65694°E
Ledeacker,Sint Anthonis,51°38′10″N 5°52′15″E﻿ / ﻿51.63611°N 5.87083°E
Leemberg,Woensdrecht,51°23′15″N 4°20′10″E﻿ / ﻿51.38750°N 4.33611°E
Leende,Heeze-Leende,51°21′00″N 5°33′15″E﻿ / ﻿51.35000°N 5.55417°E
Leenderstrijp,Heeze-Leende,51°20′00″N 5°32′25″E﻿ / ﻿51.33333°N 5.54028°E
Leensel,Deurne,51°24′30″N 5°48′20″E﻿ / ﻿51.40833°N 5.80556°E
Leg,Alphen-Chaam,51°29′55″N 4°51′35″E﻿ / ﻿51.49861°N 4.85972°E
Lennisheuvel,Boxtel,51°34′20″N 5°18′55″E﻿ / ﻿51.57222°N 5.31528°E
Lepelstraat,Bergen op Zoom,51°32′55″N 4°16′35″E﻿ / ﻿51.54861°N 4.27639°E
Leurke,Boekel,51°35′30″N 5°40′25″E﻿ / ﻿51.59167°N 5.67361°E
Liefkenshoek,Baarle-Nassau,51°25′55″N 4°57′15″E﻿ / ﻿51.43194°N 4.95417°E
Liempde,Boxtel,51°34′10″N 5°22′20″E﻿ / ﻿51.56944°N 5.37222°E
Lierop,Someren,51°25′10″N 5°40′45″E﻿ / ﻿51.41944°N 5.67917°E
Lies,Breda,51°34′10″N 4°42′40″E﻿ / ﻿51.56944°N 4.71111°E
Lieseind,Schijndel,51°38′30″N 5°24′15″E﻿ / ﻿51.64167°N 5.40417°E
Lieshout,Laarbeek,51°32′15″N 5°35′40″E﻿ / ﻿51.53750°N 5.59444°E
Liessel,Deurne,51°24′50″N 5°49′15″E﻿ / ﻿51.41389°N 5.82083°E
Lieveld,Oirschot,51°30′50″N 5°16′45″E﻿ / ﻿51.51389°N 5.27917°E
Lijndonk,Breda,51°34′10″N 4°51′30″E﻿ / ﻿51.56944°N 4.85833°E
Linden,Cuijk,51°44′55″N 5°49′50″E﻿ / ﻿51.74861°N 5.83056°E
Lith,Lith,51°48′20″N 5°26′20″E﻿ / ﻿51.80556°N 5.43889°E
Lithoijen,Lith,51°48′10″N 5°27′50″E﻿ / ﻿51.80278°N 5.46389°E
Locht,Cranendonck,51°14′35″N 5°33′35″E﻿ / ﻿51.24306°N 5.55972°E
Lochtenburg,Moerdijk,51°41′05″N 4°37′15″E﻿ / ﻿51.68472°N 4.62083°E
Loeswijk,Geldrop,51°26′35″N 5°37′50″E﻿ / ﻿51.44306°N 5.63056°E
Loo,Bernheze,51°42′25″N 5°34′35″E﻿ / ﻿51.70694°N 5.57639°E
Loo,Bergeijk,51°18′30″N 5°20′15″E﻿ / ﻿51.30833°N 5.33750°E
Loo,Uden,51°40′15″N 5°35′30″E﻿ / ﻿51.67083°N 5.59167°E
Looieind,Veghel,51°36′35″N 5°37′05″E﻿ / ﻿51.60972°N 5.61806°E
Looienhoek,Goirle,51°31′00″N 5°00′30″E﻿ / ﻿51.51667°N 5.00833°E
Loon,Waalre,51°22′45″N 5°26′25″E﻿ / ﻿51.37917°N 5.44028°E
Looneind,Alphen-Chaam,51°29′30″N 4°58′55″E﻿ / ﻿51.49167°N 4.98194°E
Loon op Zand,Loon op Zand,51°37′40″N 5°04′30″E﻿ / ﻿51.62778°N 5.07500°E
Loonse Hoek,Tilburg,51°37′50″N 5°06′25″E﻿ / ﻿51.63056°N 5.10694°E
Loons Hoekje,Loon op Zand,51°39′55″N 5°04′30″E﻿ / ﻿51.66528°N 5.07500°E
Loosbroek,Bernheze,51°40′45″N 5°30′25″E﻿ / ﻿51.67917°N 5.50694°E
Loveren,Bergeijk,51°20′15″N 5°24′30″E﻿ / ﻿51.33750°N 5.40833°E
Loveren,Vught,51°39′15″N 5°14′10″E﻿ / ﻿51.65417°N 5.23611°E
Loveren,Baarle-Nassau,51°26′50″N 4°54′35″E﻿ / ﻿51.44722°N 4.90972°E
Luchen,Geldrop,51°26′40″N 5°36′05″E﻿ / ﻿51.44444°N 5.60139°E
Luissel,Boxtel,51°35′25″N 5°15′30″E﻿ / ﻿51.59028°N 5.25833°E
Luitert,Zundert,51°29′15″N 4°39′30″E﻿ / ﻿51.48750°N 4.65833°E
Luyksgestel,Bergeijk,51°17′20″N 5°19′25″E﻿ / ﻿51.28889°N 5.32361°E
Maaijkant,Baarle-Nassau,51°27′50″N 4°52′10″E﻿ / ﻿51.46389°N 4.86944°E
Maalbergen,Zundert,51°26′20″N 4°39′35″E﻿ / ﻿51.43889°N 4.65972°E
Maarheeze,Cranendonck,51°18′45″N 5°37′00″E﻿ / ﻿51.31250°N 5.61667°E
Maashees,Boxmeer,51°34′15″N 6°01′55″E﻿ / ﻿51.57083°N 6.03194°E
Maaskant,Eersel,51°25′05″N 5°18′05″E﻿ / ﻿51.41806°N 5.30139°E
Maaskantje,Sint-Michielsgestel,51°39′30″N 5°22′15″E﻿ / ﻿51.65833°N 5.37083°E
Maatsehei,Uden,51°37′55″N 5°39′00″E﻿ / ﻿51.63194°N 5.65000°E
Macharen,Oss,51°48′20″N 5°32′40″E﻿ / ﻿51.80556°N 5.54444°E
Made,Drimmelen,51°40′35″N 4°47′35″E﻿ / ﻿51.67639°N 4.79306°E
Maren,Lith,51°47′40″N 5°22′50″E﻿ / ﻿51.79444°N 5.38056°E
Maren-Kessel,Lith,51°47′45″N 5°23′35″E﻿ / ﻿51.79583°N 5.39306°E
Mariaheide,Veghel,51°38′00″N 5°34′50″E﻿ / ﻿51.63333°N 5.58056°E
Mariahout,Laarbeek,51°32′30″N 5°34′20″E﻿ / ﻿51.54167°N 5.57222°E
Mathijseind,Gemert-Bakel,51°29′55″N 5°43′00″E﻿ / ﻿51.49861°N 5.71667°E
Medevoort,Helmond,51°28′00″N 5°37′05″E﻿ / ﻿51.46667°N 5.61806°E
Meemortel,Cranendonck,51°16′05″N 5°35′00″E﻿ / ﻿51.26806°N 5.58333°E
Meer,Eersel,51°22′15″N 5°18′45″E﻿ / ﻿51.37083°N 5.31250°E
Meeren,Mill en Sint Hubert,51°41′15″N 5°45′20″E﻿ / ﻿51.68750°N 5.75556°E
Meerven,Eersel,51°26′25″N 5°16′00″E﻿ / ﻿51.44028°N 5.26667°E
Meeuwen,Aalburg,51°43′45″N 5°00′40″E﻿ / ﻿51.72917°N 5.01111°E
Megen,Oss,51°49′20″N 5°33′45″E﻿ / ﻿51.82222°N 5.56250°E
Meijldoorn,Schijndel,51°38′30″N 5°22′45″E﻿ / ﻿51.64167°N 5.37917°E
Meijsberg,Alphen-Chaam,51°30′00″N 4°52′25″E﻿ / ﻿51.50000°N 4.87361°E
Menzel,Bernheze,51°41′45″N 5°34′55″E﻿ / ﻿51.69583°N 5.58194°E
Merlenberg,Deurne,51°27′30″N 5°49′30″E﻿ / ﻿51.45833°N 5.82500°E
Midbuul,Cranendonck,51°15′45″N 5°34′25″E﻿ / ﻿51.26250°N 5.57361°E
Middelbeers,Oirschot,51°28′00″N 5°15′00″E﻿ / ﻿51.46667°N 5.25000°E
Middelrode,Sint-Michielsgestel,51°39′50″N 5°25′10″E﻿ / ﻿51.66389°N 5.41944°E
Mierlo,Geldrop,51°26′25″N 5°37′10″E﻿ / ﻿51.44028°N 5.61944°E
Milheeze,Gemert-Bakel,51°30′05″N 5°46′45″E﻿ / ﻿51.50139°N 5.77917°E
Mill,Mill en Sint Hubert,51°41′15″N 5°46′45″E﻿ / ﻿51.68750°N 5.77917°E
Milschot,Gemert-Bakel,51°31′50″N 5°42′00″E﻿ / ﻿51.53056°N 5.70000°E
Mispeleind,Reusel-De Mierden,51°24′25″N 5°09′40″E﻿ / ﻿51.40694°N 5.16111°E
Moerdijk,Moerdijk,51°42′05″N 4°37′35″E﻿ / ﻿51.70139°N 4.62639°E
Moeren,Zundert,51°29′05″N 4°36′40″E﻿ / ﻿51.48472°N 4.61111°E
Moerenbrug,Tilburg,51°33′35″N 5°06′55″E﻿ / ﻿51.55972°N 5.11528°E
Moergestel,Oisterwijk,51°32′40″N 5°10′40″E﻿ / ﻿51.54444°N 5.17778°E
Moerstraten,Roosendaal,51°32′25″N 4°20′30″E﻿ / ﻿51.54028°N 4.34167°E
Moleneind,Aalburg,51°47′00″N 5°06′00″E﻿ / ﻿51.78333°N 5.10000°E
Moleneind,Loon op Zand,51°36′55″N 5°05′40″E﻿ / ﻿51.61528°N 5.09444°E
Moleneind,Uden,51°39′30″N 5°35′35″E﻿ / ﻿51.65833°N 5.59306°E
Molengat,Mill en Sint Hubert,51°40′45″N 5°47′30″E﻿ / ﻿51.67917°N 5.79167°E
Molenhof,Deurne,51°29′05″N 5°44′30″E﻿ / ﻿51.48472°N 5.74167°E
Molenschot,Gilze en Rijen,51°34′20″N 4°52′55″E﻿ / ﻿51.57222°N 4.88194°E
Molenstraat,Haaren,51°37′15″N 5°14′20″E﻿ / ﻿51.62083°N 5.23889°E
Molenstraat,Loon op Zand,51°37′20″N 5°06′00″E﻿ / ﻿51.62222°N 5.10000°E
Molenveld,Eersel,51°21′45″N 5°20′45″E﻿ / ﻿51.36250°N 5.34583°E
Molenwijk,Boekel,51°37′05″N 5°40′00″E﻿ / ﻿51.61806°N 5.66667°E
Moorsel,Someren,51°24′55″N 5°39′10″E﻿ / ﻿51.41528°N 5.65278°E
Morsche Hoef,Veghel,51°36′35″N 5°36′40″E﻿ / ﻿51.60972°N 5.61111°E
Mosbulten,Sint-Oedenrode,51°31′40″N 5°31′35″E﻿ / ﻿51.52778°N 5.52639°E
Mosik,Eersel,51°22′15″N 5°17′10″E﻿ / ﻿51.37083°N 5.28611°E
Mostheuvel,Eersel,51°27′10″N 5°20′00″E﻿ / ﻿51.45278°N 5.33333°E
Muggenberg,Heeze-Leende,51°22′55″N 5°33′30″E﻿ / ﻿51.38194°N 5.55833°E
Muggenhol,Veldhoven,51°26′00″N 5°24′35″E﻿ / ﻿51.43333°N 5.40972°E
Muggenhool,Bergeijk,51°18′45″N 5°19′30″E﻿ / ﻿51.31250°N 5.32500°E
Muizenhol,Gemert-Bakel,51°30′20″N 5°42′45″E﻿ / ﻿51.50556°N 5.71250°E
Mun,Landerd,51°44′05″N 5°35′30″E﻿ / ﻿51.73472°N 5.59167°E
Munnekens-Vinkel,Maasdonk,51°42′30″N 5°29′40″E﻿ / ﻿51.70833°N 5.49444°E
Munnikenheide,Rucphen,51°32′50″N 4°36′50″E﻿ / ﻿51.54722°N 4.61389°E
Nabbegat,Landerd,51°42′40″N 5°39′30″E﻿ / ﻿51.71111°N 5.65833°E
Nederheide,Rucphen,51°30′00″N 4°30′30″E﻿ / ﻿51.50000°N 4.50833°E
Nederwetten,"Nuenen, Gerwen en Nederwetten",51°29′30″N 5°31′25″E﻿ / ﻿51.49167°N 5.52361°E
Neerbroek,Boekel,51°36′35″N 5°39′50″E﻿ / ﻿51.60972°N 5.66389°E
Neerkant,Deurne,51°22′05″N 5°52′00″E﻿ / ﻿51.36806°N 5.86667°E
Neerlangel,Oss,51°48′30″N 5°38′45″E﻿ / ﻿51.80833°N 5.64583°E
Neerloon,Oss,51°47′15″N 5°40′35″E﻿ / ﻿51.78750°N 5.67639°E
Neerstraat,Gemert-Bakel,51°30′55″N 5°43′30″E﻿ / ﻿51.51528°N 5.72500°E
Nergena,Boxtel,51°36′00″N 5°17′45″E﻿ / ﻿51.60000°N 5.29583°E
Nerhoven,Gilze en Rijen,51°33′10″N 4°56′55″E﻿ / ﻿51.55278°N 4.94861°E
Netersel,Bladel,51°24′15″N 5°12′30″E﻿ / ﻿51.40417°N 5.20833°E
Niemeskant,Uden,51°38′30″N 5°38′25″E﻿ / ﻿51.64167°N 5.64028°E
Nieuw Acht,Eindhoven,51°28′05″N 5°24′25″E﻿ / ﻿51.46806°N 5.40694°E
Nieuwe Dijk,"Nuenen, Gerwen en Nederwetten",51°30′10″N 5°32′45″E﻿ / ﻿51.50278°N 5.54583°E
Nieuwemolen,Moerdijk,51°38′05″N 4°27′40″E﻿ / ﻿51.63472°N 4.46111°E
Nieuwe Molen,Bergen op Zoom,51°31′05″N 4°16′35″E﻿ / ﻿51.51806°N 4.27639°E
Nieuwenberg,Roosendaal,51°33′35″N 4°29′00″E﻿ / ﻿51.55972°N 4.48333°E
Nieuwendijk,Werkendam,51°46′30″N 4°55′15″E﻿ / ﻿51.77500°N 4.92083°E
Nieuwe Strumpt,Baarle-Nassau,51°26′25″N 4°50′55″E﻿ / ﻿51.44028°N 4.84861°E
Nieuw-Gassel,Grave,51°44′00″N 5°46′10″E﻿ / ﻿51.73333°N 5.76944°E
Nieuwkerk,Goirle,51°29′15″N 5°02′15″E﻿ / ﻿51.48750°N 5.03750°E
Nieuwkuijk,Heusden,51°41′25″N 5°10′55″E﻿ / ﻿51.69028°N 5.18194°E
Nieuw-Vossemeer,Steenbergen,51°35′25″N 4°13′05″E﻿ / ﻿51.59028°N 4.21806°E
Nijhoven,Baarle-Nassau,51°26′20″N 4°57′15″E﻿ / ﻿51.43889°N 4.95417°E
Nijnsel,Sint-Oedenrode,51°33′05″N 5°29′00″E﻿ / ﻿51.55139°N 5.48333°E
Nijvelaar,Sint-Michielsgestel,51°40′55″N 5°22′30″E﻿ / ﻿51.68194°N 5.37500°E
Nispen,Roosendaal,51°29′05″N 4°27′30″E﻿ / ﻿51.48472°N 4.45833°E
Nispense Achterhoek,Rucphen,51°29′00″N 4°29′40″E﻿ / ﻿51.48333°N 4.49444°E
Nistelrode,Bernheze,51°42′15″N 5°33′45″E﻿ / ﻿51.70417°N 5.56250°E
Noenes,Haaren,51°36′45″N 5°14′45″E﻿ / ﻿51.61250°N 5.24583°E
Noord,Sint Anthonis,51°39′15″N 5°48′25″E﻿ / ﻿51.65417°N 5.80694°E
Noordhoek,Rucphen,51°34′00″N 4°31′00″E﻿ / ﻿51.56667°N 4.51667°E
Noordhoek,Moerdijk,51°38′35″N 4°31′55″E﻿ / ﻿51.64306°N 4.53194°E
Noordkant,Sint Anthonis,51°38′20″N 5°53′50″E﻿ / ﻿51.63889°N 5.89722°E
Noordschans,Moerdijk,51°40′40″N 4°31′25″E﻿ / ﻿51.67778°N 4.52361°E
Notendaal,Steenbergen,51°35′15″N 4°14′50″E﻿ / ﻿51.58750°N 4.24722°E
Notsel,Alphen-Chaam,51°31′55″N 4°47′30″E﻿ / ﻿51.53194°N 4.79167°E
Nuenen,"Nuenen, Gerwen en Nederwetten",51°28′15″N 5°33′10″E﻿ / ﻿51.47083°N 5.55278°E
Nuijeneind,Gemert-Bakel,51°30′25″N 5°43′00″E﻿ / ﻿51.50694°N 5.71667°E
Nuland,'s-Hertogenbosch,51°43′30″N 5°26′05″E﻿ / ﻿51.72500°N 5.43472°E
Odiliapeel,Uden,51°38′35″N 5°42′20″E﻿ / ﻿51.64306°N 5.70556°E
Oeffelt,Boxmeer,51°41′55″N 5°56′00″E﻿ / ﻿51.69861°N 5.93333°E
Oeijenbraak,Someren,51°25′20″N 5°40′05″E﻿ / ﻿51.42222°N 5.66806°E
Oekel,Zundert,51°29′30″N 4°42′45″E﻿ / ﻿51.49167°N 4.71250°E
Oetelaar,Schijndel,51°37′30″N 5°24′00″E﻿ / ﻿51.62500°N 5.40000°E
Oijen,Lith,51°49′30″N 5°30′10″E﻿ / ﻿51.82500°N 5.50278°E
Oirschot,Oirschot,51°30′20″N 5°18′50″E﻿ / ﻿51.50556°N 5.31389°E
Oisterwijk,Oisterwijk,51°34′45″N 5°11′20″E﻿ / ﻿51.57917°N 5.18889°E
Oisterwijkse Hoeven,Oisterwijk,51°33′45″N 5°10′00″E﻿ / ﻿51.56250°N 5.16667°E
Olen,Son en Breugel,51°31′05″N 5°32′10″E﻿ / ﻿51.51806°N 5.53611°E
Olland,Sint-Oedenrode,51°34′50″N 5°24′25″E﻿ / ﻿51.58056°N 5.40694°E
Ommel,Asten,51°25′25″N 5°44′55″E﻿ / ﻿51.42361°N 5.74861°E
Onsenoort,Heusden,51°42′05″N 5°10′35″E﻿ / ﻿51.70139°N 5.17639°E
Oostappen,Asten,51°26′10″N 5°43′00″E﻿ / ﻿51.43611°N 5.71667°E
Oosteind,Waalwijk,51°40′15″N 5°03′25″E﻿ / ﻿51.67083°N 5.05694°E
Oostelbeers,Oirschot,51°19′10″N 5°16′10″E﻿ / ﻿51.31944°N 5.26944°E
Oosterens,Uden,51°38′35″N 5°40′15″E﻿ / ﻿51.64306°N 5.67083°E
Oosterhout,Oosterhout,51°38′45″N 4°51′35″E﻿ / ﻿51.64583°N 4.85972°E
Oosterik,Heeze-Leende,51°21′20″N 5°33′45″E﻿ / ﻿51.35556°N 5.56250°E
Oostlaar,Roosendaal,51°30′45″N 4°23′40″E﻿ / ﻿51.51250°N 4.39444°E
Op den Bosch,Boxmeer,51°35′00″N 6°01′15″E﻿ / ﻿51.58333°N 6.02083°E
Oploo,Sint Anthonis,51°36′30″N 5°52′25″E﻿ / ﻿51.60833°N 5.87361°E
Opwetten,"Nuenen, Gerwen en Nederwetten",51°27′35″N 5°31′50″E﻿ / ﻿51.45972°N 5.53056°E
Oranjeoord,Moerdijk,51°39′50″N 4°26′45″E﻿ / ﻿51.66389°N 4.44583°E
Oss,Oss,51°45′55″N 5°31′05″E﻿ / ﻿51.76528°N 5.51806°E
Ossendrecht,Woensdrecht,51°23′40″N 4°19′35″E﻿ / ﻿51.39444°N 4.32639°E
Ostaaijen,Zundert,51°26′50″N 4°36′10″E﻿ / ﻿51.44722°N 4.60278°E
Otterdijk,Someren,51°24′40″N 5°41′30″E﻿ / ﻿51.41111°N 5.69167°E
Oud-Drimmelen,Drimmelen,51°41′50″N 4°46′35″E﻿ / ﻿51.69722°N 4.77639°E
Oudemolen,Moerdijk,51°39′00″N 4°28′00″E﻿ / ﻿51.65000°N 4.46667°E
Oude Molen,Bergen op Zoom,51°32′15″N 4°17′00″E﻿ / ﻿51.53750°N 4.28333°E
Oud-Empel,'s-Hertogenbosch,51°44′10″N 5°18′10″E﻿ / ﻿51.73611°N 5.30278°E
Oudenbosch,Halderberge,51°35′20″N 4°32′05″E﻿ / ﻿51.58889°N 4.53472°E
Oudendijk,Woudrichem,51°48′35″N 4°58′50″E﻿ / ﻿51.80972°N 4.98056°E
Oudenmolen,Heeze-Leende,51°22′40″N 5°33′45″E﻿ / ﻿51.37778°N 5.56250°E
Oude Strumpt,Baarle-Nassau,51°26′30″N 4°50′10″E﻿ / ﻿51.44167°N 4.83611°E
Oude Waranda,Boxmeer,51°38′10″N 5°58′15″E﻿ / ﻿51.63611°N 5.97083°E
Oud Gastel,Halderberge,51°35′15″N 4°27′35″E﻿ / ﻿51.58750°N 4.45972°E
Oud-Heusden,Heusden,51°43′25″N 5°08′25″E﻿ / ﻿51.72361°N 5.14028°E
Oventje,Landerd,51°40′40″N 5°40′30″E﻿ / ﻿51.67778°N 5.67500°E
Overa,Breda,51°32′30″N 4°44′45″E﻿ / ﻿51.54167°N 4.74583°E
Overakker,Geldrop,51°26′05″N 5°37′35″E﻿ / ﻿51.43472°N 5.62639°E
Overberg,Woensdrecht,51°26′30″N 4°22′20″E﻿ / ﻿51.44167°N 4.37222°E
Overbrug,Helmond,51°29′45″N 5°38′30″E﻿ / ﻿51.49583°N 5.64167°E
Overlangel,Oss,51°46′30″N 5°40′15″E﻿ / ﻿51.77500°N 5.67083°E
Overloon,Boxmeer,51°34′15″N 5°56′50″E﻿ / ﻿51.57083°N 5.94722°E
Overschot,Gemert-Bakel,51°29′55″N 5°44′55″E﻿ / ﻿51.49861°N 5.74861°E
Pandelaarse Kampen,Gemert-Bakel,51°33′50″N 5°39′55″E﻿ / ﻿51.56389°N 5.66528°E
Pandgat,Oirschot,51°31′05″N 5°16′55″E﻿ / ﻿51.51806°N 5.28194°E
Pannenschop,Deurne,51°26′45″N 5°50′00″E﻿ / ﻿51.44583°N 5.83333°E
Papenvoort,Sint Anthonis,51°38′55″N 5°52′10″E﻿ / ﻿51.64861°N 5.86944°E
Park,Sint Anthonis,51°38′30″N 5°49′30″E﻿ / ﻿51.64167°N 5.82500°E
Peeldijk,Laarbeek,51°31′50″N 5°38′50″E﻿ / ﻿51.53056°N 5.64722°E
Peelkant,Sint Anthonis,51°37′05″N 5°51′50″E﻿ / ﻿51.61806°N 5.86389°E
Peelsehuis,Boekel,51°37′30″N 5°40′10″E﻿ / ﻿51.62500°N 5.66944°E
Peelstraat,Sint Anthonis,51°38′55″N 5°49′30″E﻿ / ﻿51.64861°N 5.82500°E
Peelstraat,Boekel,51°35′30″N 5°40′50″E﻿ / ﻿51.59167°N 5.68056°E
Peerenboom,Werkendam,51°43′20″N 4°54′50″E﻿ / ﻿51.72222°N 4.91389°E
Pelikaan,Moerdijk,51°38′45″N 4°34′05″E﻿ / ﻿51.64583°N 4.56806°E
Plaatsluis,Woensdrecht,51°22′40″N 4°20′00″E﻿ / ﻿51.37778°N 4.33333°E
Plantage Centrum,Roosendaal,51°27′45″N 4°22′30″E﻿ / ﻿51.46250°N 4.37500°E
Plein,Sint-Michielsgestel,51°40′45″N 5°25′20″E﻿ / ﻿51.67917°N 5.42222°E
Plein,Sint-Michielsgestel,51°39′30″N 5°20′15″E﻿ / ﻿51.65833°N 5.33750°E
Poeldonk,Sint-Michielsgestel,51°40′45″N 5°22′00″E﻿ / ﻿51.67917°N 5.36667°E
Polsdonken,Oirschot,51°31′25″N 5°17′35″E﻿ / ﻿51.52361°N 5.29306°E
Prinsenbeek,Breda,51°35′55″N 4°42′45″E﻿ / ﻿51.59861°N 4.71250°E
Putselaar,Cuijk,51°41′00″N 5°51′35″E﻿ / ﻿51.68333°N 5.85972°E
Putte,Woensdrecht,51°21′35″N 4°23′45″E﻿ / ﻿51.35972°N 4.39583°E
Quirijnstok,Tilburg,51°35′50″N 5°06′10″E﻿ / ﻿51.59722°N 5.10278°E
Raakeind,Gilze en Rijen,51°32′45″N 4°53′50″E﻿ / ﻿51.54583°N 4.89722°E
Raam,Haaren,51°37′05″N 5°13′15″E﻿ / ﻿51.61806°N 5.22083°E
Raamberg,Zundert,51°29′55″N 4°40′10″E﻿ / ﻿51.49861°N 4.66944°E
Raamsdonk,Geertruidenberg,51°41′15″N 4°54′30″E﻿ / ﻿51.68750°N 4.90833°E
Raamsdonksveer,Geertruidenberg,51°41′50″N 4°52′25″E﻿ / ﻿51.69722°N 4.87361°E
Rakens,Alphen-Chaam,51°32′00″N 4°49′05″E﻿ / ﻿51.53333°N 4.81806°E
Rakt,Uden,51°40′35″N 5°34′55″E﻿ / ﻿51.67639°N 5.58194°E
Ravensgat,Gemert-Bakel,51°29′30″N 5°43′30″E﻿ / ﻿51.49167°N 5.72500°E
Ravenstein,Oss,51°47′45″N 5°39′00″E﻿ / ﻿51.79583°N 5.65000°E
Reek,Landerd,51°44′45″N 5°40′55″E﻿ / ﻿51.74583°N 5.68194°E
Ren,Gemert-Bakel,51°32′10″N 5°42′15″E﻿ / ﻿51.53611°N 5.70417°E
Reth,Baarle-Nassau,51°26′00″N 4°56′50″E﻿ / ﻿51.43333°N 4.94722°E
Reusel,Reusel-De Mierden,51°21′45″N 5°09′55″E﻿ / ﻿51.36250°N 5.16528°E
Reuth,Baarle-Nassau,51°26′40″N 4°53′55″E﻿ / ﻿51.44444°N 4.89861°E
Riel,Eindhoven,51°25′25″N 5°31′20″E﻿ / ﻿51.42361°N 5.52222°E
Riel,Goirle,51°31′30″N 5°01′25″E﻿ / ﻿51.52500°N 5.02361°E
Riethoven,Bergeijk,51°21′15″N 5°23′15″E﻿ / ﻿51.35417°N 5.38750°E
Rietven,Boekel,51°37′20″N 5°42′45″E﻿ / ﻿51.62222°N 5.71250°E
Rietven,Eersel,51°25′40″N 5°17′25″E﻿ / ﻿51.42778°N 5.29028°E
Rijen,Gilze en Rijen,51°35′25″N 4°55′10″E﻿ / ﻿51.59028°N 4.91944°E
Rijkerbeek,Veghel,51°36′15″N 5°37′55″E﻿ / ﻿51.60417°N 5.63194°E
Rijkevoort,Boxmeer,51°39′25″N 5°53′10″E﻿ / ﻿51.65694°N 5.88611°E
Rijpelberg,Helmond,51°29′00″N 5°42′50″E﻿ / ﻿51.48333°N 5.71389°E
Rijsbergen,Zundert,51°31′05″N 4°41′50″E﻿ / ﻿51.51806°N 4.69722°E
Rijswijk,Woudrichem,51°47′50″N 5°01′30″E﻿ / ﻿51.79722°N 5.02500°E
Rijt,Bergeijk,51°17′45″N 5°18′35″E﻿ / ﻿51.29583°N 5.30972°E
Rinkveld,Asten,51°24′00″N 5°47′10″E﻿ / ﻿51.40000°N 5.78611°E
Rith,Breda,51°33′55″N 4°43′30″E﻿ / ﻿51.56528°N 4.72500°E
Rondveld,Sint Anthonis,51°37′15″N 5°53′50″E﻿ / ﻿51.62083°N 5.89722°E
Roond,Boxtel,51°34′45″N 5°17′30″E﻿ / ﻿51.57917°N 5.29167°E
Roosberg,Breda,51°33′45″N 4°49′25″E﻿ / ﻿51.56250°N 4.82361°E
Roosendaal,Roosendaal,51°31′50″N 4°27′55″E﻿ / ﻿51.53056°N 4.46528°E
Rootvlaas,Gemert-Bakel,51°29′50″N 5°43′35″E﻿ / ﻿51.49722°N 5.72639°E
Roovert,Hilvarenbeek,51°28′20″N 5°04′55″E﻿ / ﻿51.47222°N 5.08194°E
Rosmalen,'s-Hertogenbosch,51°43′00″N 5°21′55″E﻿ / ﻿51.71667°N 5.36528°E
Rucphen,Rucphen,51°31′55″N 4°33′30″E﻿ / ﻿51.53194°N 4.55833°E
Rugdijk,Tilburg,51°35′30″N 5°05′50″E﻿ / ﻿51.59167°N 5.09722°E
Ruimel,Sint-Michielsgestel,51°39′05″N 5°20′40″E﻿ / ﻿51.65139°N 5.34444°E
Rukven,Bernheze,51°40′35″N 5°28′35″E﻿ / ﻿51.67639°N 5.47639°E
Rul,Heeze-Leende,51°23′40″N 5°34′40″E﻿ / ﻿51.39444°N 5.57778°E
Rullen,"Nuenen, Gerwen en Nederwetten",51°29′45″N 5°33′20″E﻿ / ﻿51.49583°N 5.55556°E
Rusven,Landerd,51°43′05″N 5°40′20″E﻿ / ﻿51.71806°N 5.67222°E
Sambeek,Boxmeer,51°38′10″N 5°58′00″E﻿ / ﻿51.63611°N 5.96667°E
Schadewijk,Eersel,51°21′30″N 5°20′25″E﻿ / ﻿51.35833°N 5.34028°E
Schadron,Uden,51°38′10″N 5°39′20″E﻿ / ﻿51.63611°N 5.65556°E
Schafferden,Boxmeer,51°35′25″N 5°59′30″E﻿ / ﻿51.59028°N 5.99167°E
Schaft,Valkenswaard,51°17′55″N 5°27′20″E﻿ / ﻿51.29861°N 5.45556°E
Schaijk,Landerd,51°44′45″N 5°37′55″E﻿ / ﻿51.74583°N 5.63194°E
Schaluinen,Baarle-Nassau,51°25′35″N 4°56′05″E﻿ / ﻿51.42639°N 4.93472°E
Schans,Halderberge,51°36′25″N 4°30′40″E﻿ / ﻿51.60694°N 4.51111°E
Schans,Deurne,51°21′25″N 5°52′30″E﻿ / ﻿51.35694°N 5.87500°E
Schans,Werkendam,51°48′15″N 4°55′05″E﻿ / ﻿51.80417°N 4.91806°E
Scheepstal,Helmond,51°30′00″N 5°40′45″E﻿ / ﻿51.50000°N 5.67917°E
Schelm,Deurne,51°21′40″N 5°52′05″E﻿ / ﻿51.36111°N 5.86806°E
Scherpenering,Eersel,51°26′35″N 5°21′30″E﻿ / ﻿51.44306°N 5.35833°E
Schijf,Rucphen,51°29′55″N 4°33′40″E﻿ / ﻿51.49861°N 4.56111°E
Schijndel,Schijndel,51°37′20″N 5°25′55″E﻿ / ﻿51.62222°N 5.43194°E
Schoelieberg,Woensdrecht,51°26′25″N 4°22′55″E﻿ / ﻿51.44028°N 4.38194°E
Schoor,Sint-Oedenrode,51°32′30″N 5°27′05″E﻿ / ﻿51.54167°N 5.45139°E
Schoordijk,Cranendonck,51°16′40″N 5°35′35″E﻿ / ﻿51.27778°N 5.59306°E
Schoorstraat,Tilburg,51°37′35″N 5°07′05″E﻿ / ﻿51.62639°N 5.11806°E
Schoot,Veldhoven,51°24′05″N 5°22′45″E﻿ / ﻿51.40139°N 5.37917°E
Schorvert,Haaren,51°37′00″N 5°17′00″E﻿ / ﻿51.61667°N 5.28333°E
Schotsheuvel,Maasdonk,51°43′30″N 5°27′00″E﻿ / ﻿51.72500°N 5.45000°E
Schouw,Gemert-Bakel,51°29′15″N 5°44′00″E﻿ / ﻿51.48750°N 5.73333°E
Schutsboom,Gemert-Bakel,51°30′05″N 5°46′10″E﻿ / ﻿51.50139°N 5.76944°E
Selissen,Boxtel,51°36′20″N 5°19′25″E﻿ / ﻿51.60556°N 5.32361°E
Sengelsbroek,Bergeijk,51°17′20″N 5°20′15″E﻿ / ﻿51.28889°N 5.33750°E
Seters,Oosterhout,51°36′35″N 4°52′05″E﻿ / ﻿51.60972°N 4.86806°E
's Gravenmoer,Dongen,51°39′30″N 4°56′25″E﻿ / ﻿51.65833°N 4.94028°E
's-Hertogenbosch,'s-Hertogenbosch,51°42′00″N 5°18′15″E﻿ / ﻿51.70000°N 5.30417°E
Sint Agatha,Cuijk,51°42′45″N 5°54′45″E﻿ / ﻿51.71250°N 5.91250°E
Sint Anthonis,Sint Anthonis,51°37′35″N 5°52′55″E﻿ / ﻿51.62639°N 5.88194°E
Sint Hubert,Mill en Sint Hubert,51°40′40″N 5°48′30″E﻿ / ﻿51.67778°N 5.80833°E
Sint-Michielsgestel,Sint-Michielsgestel,51°38′30″N 5°21′10″E﻿ / ﻿51.64167°N 5.35278°E
Sint-Oedenrode,Sint-Oedenrode,51°34′00″N 5°27′35″E﻿ / ﻿51.56667°N 5.45972°E
Sint Willebrord,Rucphen,51°32′55″N 4°35′20″E﻿ / ﻿51.54861°N 4.58889°E
Slabroek,Uden,51°41′50″N 5°36′05″E﻿ / ﻿51.69722°N 5.60139°E
Sleeuwijk,Werkendam,51°48′55″N 4°57′10″E﻿ / ﻿51.81528°N 4.95278°E
Sliffert,Eindhoven,51°26′10″N 5°25′25″E﻿ / ﻿51.43611°N 5.42361°E
Slikkenburg,Bergen op Zoom,51°31′45″N 4°15′00″E﻿ / ﻿51.52917°N 4.25000°E
Sloot,Deurne,51°24′15″N 5°50′00″E﻿ / ﻿51.40417°N 5.83333°E
Sluis Dertien,Someren,50°50′40″N 5°44′30″E﻿ / ﻿50.84444°N 5.74167°E
Sneidershoek,Eersel,51°23′20″N 5°19′45″E﻿ / ﻿51.38889°N 5.32917°E
Snijders-Chaam,Alphen-Chaam,51°31′45″N 4°51′15″E﻿ / ﻿51.52917°N 4.85417°E
Soerendonk,Cranendonck,51°18′05″N 5°34′30″E﻿ / ﻿51.30139°N 5.57500°E
Someren,Someren,51°23′05″N 5°42′40″E﻿ / ﻿51.38472°N 5.71111°E
Someren-Eind,Someren,51°21′25″N 5°44′00″E﻿ / ﻿51.35694°N 5.73333°E
Someren-Heide,Someren,51°21′00″N 5°41′55″E﻿ / ﻿51.35000°N 5.69861°E
Son,Son en Breugel,51°31′00″N 5°29′15″E﻿ / ﻿51.51667°N 5.48750°E
Sonniuswijk,Son en Breugel,51°31′35″N 5°27′45″E﻿ / ﻿51.52639°N 5.46250°E
Spaanrijt,Bergeijk,51°18′40″N 5°17′25″E﻿ / ﻿51.31111°N 5.29028°E
Spaansehoek,Goirle,51°31′25″N 5°00′40″E﻿ / ﻿51.52361°N 5.01111°E
Spekklef,Sint Anthonis,51°35′45″N 5°51′10″E﻿ / ﻿51.59583°N 5.85278°E
Spekt,"Nuenen, Gerwen en Nederwetten",51°29′45″N 5°32′20″E﻿ / ﻿51.49583°N 5.53889°E
Spijk,Aalburg,51°46′10″N 5°07′15″E﻿ / ﻿51.76944°N 5.12083°E
Spijkert,Eersel,51°19′50″N 5°18′05″E﻿ / ﻿51.33056°N 5.30139°E
Spinolaberg,Bergen op Zoom,51°30′50″N 4°16′10″E﻿ / ﻿51.51389°N 4.26944°E
Spoordonk,Oirschot,51°31′05″N 5°16′15″E﻿ / ﻿51.51806°N 5.27083°E
Sprang-Capelle,Waalwijk,51°40′30″N 5°00′50″E﻿ / ﻿51.67500°N 5.01389°E
Sprangsevaart,Loon op Zand,51°39′40″N 5°03′45″E﻿ / ﻿51.66111°N 5.06250°E
Sprokkelbosch,'s-Hertogenbosch,51°43′15″N 5°23′00″E﻿ / ﻿51.72083°N 5.38333°E
Sprundel,Rucphen,51°32′15″N 4°35′50″E﻿ / ﻿51.53750°N 4.59722°E
Stabrecht,Heeze-Leende,51°23′10″N 5°34′50″E﻿ / ﻿51.38611°N 5.58056°E
Stadse Dijk,Moerdijk,51°40′00″N 4°26′15″E﻿ / ﻿51.66667°N 4.43750°E
Stad van Gerwen,"Nuenen, Gerwen en Nederwetten",51°30′30″N 5°32′25″E﻿ / ﻿51.50833°N 5.54028°E
Stampersgat,Halderberge,51°36′45″N 4°26′40″E﻿ / ﻿51.61250°N 4.44444°E
Standdaarbuiten,Moerdijk,51°36′50″N 4°30′50″E﻿ / ﻿51.61389°N 4.51389°E
Startwijk,Boxmeer,51°39′50″N 5°55′50″E﻿ / ﻿51.66389°N 5.93056°E
Statendam,Geertruidenberg,51°41′20″N 4°50′20″E﻿ / ﻿51.68889°N 4.83889°E
Steelhoven,Drimmelen,51°40′55″N 4°49′40″E﻿ / ﻿51.68194°N 4.82778°E
Steenbergen,Steenbergen,51°35′05″N 4°19′10″E﻿ / ﻿51.58472°N 4.31944°E
Steenoven,Oosterhout,51°36′30″N 4°54′10″E﻿ / ﻿51.60833°N 4.90278°E
Steenpaal,Rucphen,51°28′45″N 4°29′10″E﻿ / ﻿51.47917°N 4.48611°E
Steensel,Eersel,51°22′35″N 5°21′10″E﻿ / ﻿51.37639°N 5.35278°E
Stegen,Asten,51°24′45″N 5°45′40″E﻿ / ﻿51.41250°N 5.76111°E
Stenenheul,Woudrichem,51°46′40″N 5°00′45″E﻿ / ﻿51.77778°N 5.01250°E
Sterksel,Heeze-Leende,51°21′05″N 5°36′40″E﻿ / ﻿51.35139°N 5.61111°E
Stevensbeek,Sint Anthonis,51°36′10″N 5°55′00″E﻿ / ﻿51.60278°N 5.91667°E
Stevert,Eersel,51°22′05″N 5°21′50″E﻿ / ﻿51.36806°N 5.36389°E
Stipdonk,Someren,51°26′40″N 5°41′05″E﻿ / ﻿51.44444°N 5.68472°E
Stiphout,Helmond,51°29′10″N 5°37′05″E﻿ / ﻿51.48611°N 5.61806°E
Stokkelen,Eersel,51°20′55″N 5°19′40″E﻿ / ﻿51.34861°N 5.32778°E
Stokske,Oisterwijk,51°33′05″N 5°11′25″E﻿ / ﻿51.55139°N 5.19028°E
Stoof,Halderberge,51°35′55″N 4°28′40″E﻿ / ﻿51.59861°N 4.47778°E
Straten,Oirschot,51°30′40″N 5°20′35″E﻿ / ﻿51.51111°N 5.34306°E
Strepen,Uden,51°38′25″N 5°38′35″E﻿ / ﻿51.64028°N 5.64306°E
Strijbeek,Alphen-Chaam,51°30′10″N 4°47′45″E﻿ / ﻿51.50278°N 4.79583°E
Strijp,Laarbeek,51°30′00″N 5°37′45″E﻿ / ﻿51.50000°N 5.62917°E
Strikberg,Breda,51°37′20″N 4°46′30″E﻿ / ﻿51.62222°N 4.77500°E
Strooiendorp,Moerdijk,51°40′50″N 4°41′35″E﻿ / ﻿51.68056°N 4.69306°E
Stuivezand,Drimmelen,51°40′10″N 4°46′00″E﻿ / ﻿51.66944°N 4.76667°E
Stuivezand,Zundert,51°29′20″N 4°40′50″E﻿ / ﻿51.48889°N 4.68056°E
't Coll,Eindhoven,51°26′45″N 5°32′30″E﻿ / ﻿51.44583°N 5.54167°E
Teeffelen,Lith,51°47′50″N 5°29′35″E﻿ / ﻿51.79722°N 5.49306°E
Ten Vorsel,Bladel,51°20′50″N 5°13′20″E﻿ / ﻿51.34722°N 5.22222°E
Ter Aalst,Oosterhout,51°38′25″N 4°48′20″E﻿ / ﻿51.64028°N 4.80556°E
Tereyken,Gemert-Bakel,51°31′35″N 5°41′25″E﻿ / ﻿51.52639°N 5.69028°E
Terheijden,Drimmelen,51°38′35″N 4°45′15″E﻿ / ﻿51.64306°N 4.75417°E
Terover,Alphen-Chaam,51°28′20″N 4°58′15″E﻿ / ﻿51.47222°N 4.97083°E
Tervoort,Breda,51°34′30″N 4°50′20″E﻿ / ﻿51.57500°N 4.83889°E
Teteringen,Breda,51°36′35″N 4°49′15″E﻿ / ﻿51.60972°N 4.82083°E
't Haantje,Steenbergen,51°34′10″N 4°23′00″E﻿ / ﻿51.56944°N 4.38333°E
Theetuin,Oirschot,51°29′50″N 5°18′30″E﻿ / ﻿51.49722°N 5.30833°E
't Herselt,Boxmeer,51°36′30″N 5°59′20″E﻿ / ﻿51.60833°N 5.98889°E
't Hoekske,Tilburg,51°35′40″N 5°08′00″E﻿ / ﻿51.59444°N 5.13333°E
't Hof,Laarbeek,51°30′40″N 5°35′30″E﻿ / ﻿51.51111°N 5.59167°E
Tielse Hoeve,Sint-Michielsgestel,51°38′45″N 5°22′30″E﻿ / ﻿51.64583°N 5.37500°E
Tiggelt,Zundert,51°30′35″N 4°41′15″E﻿ / ﻿51.50972°N 4.68750°E
Tiggeltscheberg,Zundert,51°31′15″N 4°40′25″E﻿ / ﻿51.52083°N 4.67361°E
Tilburg,Tilburg,51°33′50″N 5°04′30″E﻿ / ﻿51.56389°N 5.07500°E
Timmereind,Waalre,51°22′45″N 5°26′05″E﻿ / ﻿51.37917°N 5.43472°E
't Marktje,Woensdrecht,51°25′35″N 4°18′30″E﻿ / ﻿51.42639°N 4.30833°E
Tommel,Baarle-Nassau,51°25′55″N 4°55′30″E﻿ / ﻿51.43194°N 4.92500°E
Tongeren,Boxtel,51°35′30″N 5°17′20″E﻿ / ﻿51.59167°N 5.28889°E
Tonnekreek,Moerdijk,51°40′40″N 4°29′35″E﻿ / ﻿51.67778°N 4.49306°E
Toom,Cranendonck,51°16′10″N 5°33′35″E﻿ / ﻿51.26944°N 5.55972°E
Toterfout,Veldhoven,51°25′00″N 5°20′55″E﻿ / ﻿51.41667°N 5.34861°E
Toven,Sint Anthonis,51°38′25″N 5°51′30″E﻿ / ﻿51.64028°N 5.85833°E
Tregelaar,Oirschot,51°31′40″N 5°18′25″E﻿ / ﻿51.52778°N 5.30694°E
Trent,Landerd,51°40′50″N 5°42′00″E﻿ / ﻿51.68056°N 5.70000°E
Trimpert,Geldrop,51°25′45″N 5°37′15″E﻿ / ﻿51.42917°N 5.62083°E
Tuuthees,Boxmeer,51°36′15″N 5°59′00″E﻿ / ﻿51.60417°N 5.98333°E
't Winkel,Haaren,51°37′10″N 5°10′55″E﻿ / ﻿51.61944°N 5.18194°E
't Zand,Werkendam,51°48′50″N 4°57′45″E﻿ / ﻿51.81389°N 4.96250°E
't Zand,Alphen-Chaam,51°29′40″N 4°57′25″E﻿ / ﻿51.49444°N 4.95694°E
Uden,Uden,51°39′40″N 5°37′10″E﻿ / ﻿51.66111°N 5.61944°E
Udenhout,Tilburg,51°36′35″N 5°08′35″E﻿ / ﻿51.60972°N 5.14306°E
Uitwijk,Woudrichem,51°47′10″N 5°00′25″E﻿ / ﻿51.78611°N 5.00694°E
Ulicoten,Baarle-Nassau,51°27′25″N 4°51′30″E﻿ / ﻿51.45694°N 4.85833°E
Ullingen,Sint Anthonis,51°38′05″N 5°51′30″E﻿ / ﻿51.63472°N 5.85833°E
Ulvenhout,Breda,51°33′00″N 4°48′00″E﻿ / ﻿51.55000°N 4.80000°E
Uppel,Woudrichem,51°47′20″N 4°56′20″E﻿ / ﻿51.78889°N 4.93889°E
Urkhoven,Eindhoven,51°26′10″N 5°31′55″E﻿ / ﻿51.43611°N 5.53194°E
Vaareind,Breda,51°35′15″N 4°43′00″E﻿ / ﻿51.58750°N 4.71667°E
Vaarle,"Nuenen, Gerwen en Nederwetten",51°27′30″N 5°34′45″E﻿ / ﻿51.45833°N 5.57917°E
Vaarsche Hoef,Someren,51°24′20″N 5°40′45″E﻿ / ﻿51.40556°N 5.67917°E
Vaart,Dongen,51°38′40″N 4°57′55″E﻿ / ﻿51.64444°N 4.96528°E
Valkenhorst,Heeze-Leende,51°21′10″N 5°30′05″E﻿ / ﻿51.35278°N 5.50139°E
Valkenswaard,Valkenswaard,51°21′00″N 5°27′35″E﻿ / ﻿51.35000°N 5.45972°E
Veen,Aalburg,51°46′40″N 5°06′30″E﻿ / ﻿51.77778°N 5.10833°E
Veghel,Veghel,51°37′00″N 5°32′55″E﻿ / ﻿51.61667°N 5.54861°E
Veldbraak,Baarle-Nassau,51°26′25″N 4°57′50″E﻿ / ﻿51.44028°N 4.96389°E
Veldhoven,Veldhoven,51°25′05″N 5°24′10″E﻿ / ﻿51.41806°N 5.40278°E
Velmolen,Uden,51°39′00″N 5°38′10″E﻿ / ﻿51.65000°N 5.63611°E
Velp,Grave,51°44′55″N 5°43′05″E﻿ / ﻿51.74861°N 5.71806°E
Ven,Gemert-Bakel,51°31′00″N 5°44′50″E﻿ / ﻿51.51667°N 5.74722°E
Ven,Veghel,51°38′25″N 5°33′00″E﻿ / ﻿51.64028°N 5.55000°E
Ven,Heeze-Leende,51°22′00″N 5°33′50″E﻿ / ﻿51.36667°N 5.56389°E
Venbergen,Valkenswaard,51°20′05″N 5°27′10″E﻿ / ﻿51.33472°N 5.45278°E
Veneind,Eersel,51°25′00″N 5°17′50″E﻿ / ﻿51.41667°N 5.29722°E
Venhorst,Boekel,51°36′30″N 5°44′15″E﻿ / ﻿51.60833°N 5.73750°E
Venweg,Alphen-Chaam,51°27′40″N 4°56′30″E﻿ / ﻿51.46111°N 4.94167°E
Verhoven,Gilze en Rijen,51°33′00″N 4°55′25″E﻿ / ﻿51.55000°N 4.92361°E
Verlorenhoek,Sint Anthonis,51°39′45″N 5°49′00″E﻿ / ﻿51.66250°N 5.81667°E
Verloren Hoek,Breda,51°36′20″N 4°41′00″E﻿ / ﻿51.60556°N 4.68333°E
Vernhout,Sint-Oedenrode,51°32′15″N 5°26′15″E﻿ / ﻿51.53750°N 5.43750°E
Verreheide,Gemert-Bakel,51°34′40″N 5°41′45″E﻿ / ﻿51.57778°N 5.69583°E
Vessem,Eersel,51°25′15″N 5°17′20″E﻿ / ﻿51.42083°N 5.28889°E
Vetterik,Bergen op Zoom,51°30′55″N 4°16′20″E﻿ / ﻿51.51528°N 4.27222°E
Vianen,Cuijk,51°43′05″N 5°51′25″E﻿ / ﻿51.71806°N 5.85694°E
Vierbannen,Werkendam,51°44′55″N 4°54′35″E﻿ / ﻿51.74861°N 4.90972°E
Vierlingsbeek,Boxmeer,51°35′45″N 6°00′35″E﻿ / ﻿51.59583°N 6.00972°E
Vijcie,Werkendam,51°49′10″N 4°55′00″E﻿ / ﻿51.81944°N 4.91667°E
Vijfhoek,Roosendaal,51°30′25″N 4°21′50″E﻿ / ﻿51.50694°N 4.36389°E
Vijfhuizen,Goirle,51°31′20″N 4°59′05″E﻿ / ﻿51.52222°N 4.98472°E
Vijfhuizen,Tilburg,51°36′25″N 5°05′40″E﻿ / ﻿51.60694°N 5.09444°E
Vinkel,Maasdonk,51°42′20″N 5°27′45″E﻿ / ﻿51.70556°N 5.46250°E
Vinkenberg,Oisterwijk,51°32′00″N 5°10′40″E﻿ / ﻿51.53333°N 5.17778°E
Vinkenbroek,Roosendaal,51°31′20″N 4°24′40″E﻿ / ﻿51.52222°N 4.41111°E
Visberg,Steenbergen,51°33′10″N 4°25′00″E﻿ / ﻿51.55278°N 4.41667°E
Visdonk,Roosendaal,51°30′10″N 4°29′05″E﻿ / ﻿51.50278°N 4.48472°E
Vlagberg,Sint Anthonis,51°36′45″N 5°51′35″E﻿ / ﻿51.61250°N 5.85972°E
Vlas,Someren,51°22′10″N 5°42′55″E﻿ / ﻿51.36944°N 5.71528°E
Vleet,Roosendaal,51°27′20″N 4°24′00″E﻿ / ﻿51.45556°N 4.40000°E
Vlierden,Deurne,51°26′45″N 5°45′30″E﻿ / ﻿51.44583°N 5.75833°E
Vlijmen,Heusden,51°41′50″N 5°13′00″E﻿ / ﻿51.69722°N 5.21667°E
Vloeieind,Deurne,51°26′40″N 5°46′15″E﻿ / ﻿51.44444°N 5.77083°E
Vloeieind,Reusel-De Mierden,51°23′55″N 5°09′05″E﻿ / ﻿51.39861°N 5.15139°E
Vloet,Uden,51°38′45″N 5°38′40″E﻿ / ﻿51.64583°N 5.64444°E
Voederheil,Landerd,51°42′25″N 5°39′55″E﻿ / ﻿51.70694°N 5.66528°E
Volkel,Uden,51°38′35″N 5°39′15″E﻿ / ﻿51.64306°N 5.65417°E
Voordeldonk,Asten,51°24′10″N 5°46′30″E﻿ / ﻿51.40278°N 5.77500°E
Voordijk,Heusden,51°42′25″N 5°13′35″E﻿ / ﻿51.70694°N 5.22639°E
Vooreind,Reusel-De Mierden,51°23′25″N 5°09′55″E﻿ / ﻿51.39028°N 5.16528°E
Voorste Beersdonk,Deurne,51°26′30″N 5°43′35″E﻿ / ﻿51.44167°N 5.72639°E
Voorste Brug,Valkenswaard,51°17′05″N 5°25′35″E﻿ / ﻿51.28472°N 5.42639°E
Voorste Diesdonk,Asten,51°25′25″N 5°43′00″E﻿ / ﻿51.42361°N 5.71667°E
Voorste Heikant,Reusel-De Mierden,51°20′45″N 5°09′15″E﻿ / ﻿51.34583°N 5.15417°E
Voort,Bergeijk,51°20′55″N 5°23′15″E﻿ / ﻿51.34861°N 5.38750°E
Voort,Deurne,51°28′45″N 5°47′05″E﻿ / ﻿51.47917°N 5.78472°E
Voorteind,Oirschot,51°28′30″N 5°14′35″E﻿ / ﻿51.47500°N 5.24306°E
Voortje,Geldrop,51°25′35″N 5°38′05″E﻿ / ﻿51.42639°N 5.63472°E
Vorstenbosch,Bernheze,51°39′10″N 5°33′00″E﻿ / ﻿51.65278°N 5.55000°E
Vortum-Mullem,Boxmeer,51°37′15″N 5°58′40″E﻿ / ﻿51.62083°N 5.97778°E
Voske,Baarle-Nassau,51°26′55″N 4°58′35″E﻿ / ﻿51.44861°N 4.97639°E
Vosselen,Asten,51°24′50″N 5°43′35″E﻿ / ﻿51.41389°N 5.72639°E
Vossenberg,Gilze en Rijen,51°32′45″N 4°57′50″E﻿ / ﻿51.54583°N 4.96389°E
Vossenberg,Gemert-Bakel,51°34′00″N 5°47′05″E﻿ / ﻿51.56667°N 5.78472°E
Vrachelen,Oosterhout,51°39′10″N 4°49′35″E﻿ / ﻿51.65278°N 4.82639°E
Vreewijk,Deurne,51°26′35″N 5°47′55″E﻿ / ﻿51.44306°N 5.79861°E
Vrilkhoven,Boxtel,51°34′00″N 5°21′05″E﻿ / ﻿51.56667°N 5.35139°E
Vroenhout,Roosendaal,51°32′35″N 4°25′10″E﻿ / ﻿51.54306°N 4.41944°E
Vuchtschoot,Breda,51°33′40″N 4°42′20″E﻿ / ﻿51.56111°N 4.70556°E
Vught,Vught,51°39′15″N 5°17′15″E﻿ / ﻿51.65417°N 5.28750°E
Waalre,Waalre,51°23′10″N 5°26′40″E﻿ / ﻿51.38611°N 5.44444°E
Waalwijk,Waalwijk,51°41′00″N 5°04′15″E﻿ / ﻿51.68333°N 5.07083°E
Waardhuizen,Woudrichem,51°46′35″N 5°00′15″E﻿ / ﻿51.77639°N 5.00417°E
Wagenberg,Drimmelen,51°39′55″N 4°44′55″E﻿ / ﻿51.66528°N 4.74861°E
Walik,Bergeijk,51°21′30″N 5°22′00″E﻿ / ﻿51.35833°N 5.36667°E
Walsert,Sint Anthonis,51°39′15″N 5°51′15″E﻿ / ﻿51.65417°N 5.85417°E
Wamberg,Sint-Michielsgestel,51°41′40″N 5°22′20″E﻿ / ﻿51.69444°N 5.37222°E
Wanroij,Sint Anthonis,51°39′25″N 5°49′05″E﻿ / ﻿51.65694°N 5.81806°E
Waspik,Waalwijk,51°41′15″N 4°56′40″E﻿ / ﻿51.68750°N 4.94444°E
Waterkant,Bergen op Zoom,51°32′50″N 4°15′55″E﻿ / ﻿51.54722°N 4.26528°E
Waterstraat,Hilvarenbeek,51°28′35″N 5°09′45″E﻿ / ﻿51.47639°N 5.16250°E
Weebosch,Bergeijk,51°18′30″N 5°17′40″E﻿ / ﻿51.30833°N 5.29444°E
Weeg,Uden,51°38′15″N 5°37′55″E﻿ / ﻿51.63750°N 5.63194°E
Weilenseind,Gilze en Rijen,51°32′05″N 4°56′40″E﻿ / ﻿51.53472°N 4.94444°E
Weimeren,Zundert,51°27′00″N 4°37′40″E﻿ / ﻿51.45000°N 4.62778°E
Welberg,Steenbergen,51°34′35″N 4°19′50″E﻿ / ﻿51.57639°N 4.33056°E
Werkendam,Werkendam,51°48′35″N 4°53′40″E﻿ / ﻿51.80972°N 4.89444°E
Wernhout,Zundert,51°27′20″N 4°38′30″E﻿ / ﻿51.45556°N 4.64167°E
Wernhoutsbrug,Zundert,51°25′40″N 4°37′30″E﻿ / ﻿51.42778°N 4.62500°E
Werveld,Boxmeer,51°41′20″N 5°55′40″E﻿ / ﻿51.68889°N 5.92778°E
Westelbeers,Oirschot,51°26′40″N 5°12′40″E﻿ / ﻿51.44444°N 5.21111°E
Westerbeek,Sint Anthonis,51°34′55″N 5°51′45″E﻿ / ﻿51.58194°N 5.86250°E
Westerhoven,Bergeijk,51°20′00″N 5°23′45″E﻿ / ﻿51.33333°N 5.39583°E
Westerwijk,Hilvarenbeek,51°30′40″N 5°07′55″E﻿ / ﻿51.51111°N 5.13194°E
Westrik,Breda,51°35′35″N 4°43′10″E﻿ / ﻿51.59306°N 4.71944°E
Wielsche Hoeven,Sint-Michielsgestel,51°37′40″N 5°21′25″E﻿ / ﻿51.62778°N 5.35694°E
Wijbosch,Schijndel,51°37′00″N 5°28′05″E﻿ / ﻿51.61667°N 5.46806°E
Wijk en Aalburg,Aalburg,51°45′25″N 5°07′45″E﻿ / ﻿51.75694°N 5.12917°E
Wilbertoord,Mill en Sint Hubert,51°39′20″N 5°46′30″E﻿ / ﻿51.65556°N 5.77500°E
Wildert,Zundert,51°27′40″N 4°40′10″E﻿ / ﻿51.46111°N 4.66944°E
Willemstad,Moerdijk,51°41′30″N 4°26′20″E﻿ / ﻿51.69167°N 4.43889°E
Willibrordushoek,Veghel,51°35′45″N 5°30′25″E﻿ / ﻿51.59583°N 5.50694°E
Winkel,Haaren,51°36′45″N 5°10′10″E﻿ / ﻿51.61250°N 5.16944°E
Winkel,Cranendonck,51°17′50″N 5°34′50″E﻿ / ﻿51.29722°N 5.58056°E
Winkelstraat,Someren,51°26′10″N 5°39′15″E﻿ / ﻿51.43611°N 5.65417°E
Wintelre,Eersel,51°26′40″N 5°20′25″E﻿ / ﻿51.44444°N 5.34028°E
Witrijt,Bergeijk,51°18′45″N 5°15′50″E﻿ / ﻿51.31250°N 5.26389°E
Witte Dellen,Landerd,51°41′15″N 5°43′10″E﻿ / ﻿51.68750°N 5.71944°E
Woensdrecht,Woensdrecht,51°25′50″N 4°18′10″E﻿ / ﻿51.43056°N 4.30278°E
Wolfsbosch,Gemert-Bakel,51°33′50″N 5°42′50″E﻿ / ﻿51.56389°N 5.71389°E
Wolfshoek,Eersel,51°24′00″N 5°21′20″E﻿ / ﻿51.40000°N 5.35556°E
Wolfswinkel,Son en Breugel,51°31′30″N 5°29′35″E﻿ / ﻿51.52500°N 5.49306°E
Woud,Sint-Michielsgestel,51°39′15″N 5°22′40″E﻿ / ﻿51.65417°N 5.37778°E
Woudrichem,Woudrichem,51°48′55″N 5°00′05″E﻿ / ﻿51.81528°N 5.00139°E
Wouw,Roosendaal,51°31′20″N 4°23′25″E﻿ / ﻿51.52222°N 4.39028°E
Wouwse Hil,Roosendaal,51°29′50″N 4°23′55″E﻿ / ﻿51.49722°N 4.39861°E
Wouwse Plantage,Roosendaal,51°29′00″N 4°23′15″E﻿ / ﻿51.48333°N 4.38750°E
Zaarvlaas,Gemert-Bakel,51°31′05″N 5°44′10″E﻿ / ﻿51.51806°N 5.73611°E
Zand,Gemert-Bakel,51°30′35″N 5°44′50″E﻿ / ﻿51.50972°N 5.74722°E
Zandeind,Goirle,51°31′55″N 5°00′45″E﻿ / ﻿51.53194°N 5.01250°E
Zandfort,Woensdrecht,51°26′05″N 4°19′25″E﻿ / ﻿51.43472°N 4.32361°E
Zandhoek,Boekel,51°35′50″N 5°39′45″E﻿ / ﻿51.59722°N 5.66250°E
Zandkant,Sint Anthonis,51°38′00″N 5°54′10″E﻿ / ﻿51.63333°N 5.90278°E
Zandkant,Haaren,51°38′20″N 5°09′45″E﻿ / ﻿51.63889°N 5.16250°E
Zandoerle,Veldhoven,51°24′55″N 5°21′30″E﻿ / ﻿51.41528°N 5.35833°E
Zandwijk,Woudrichem,51°46′40″N 4°58′30″E﻿ / ﻿51.77778°N 4.97500°E
Zeeland,Landerd,51°41′50″N 5°40′35″E﻿ / ﻿51.69722°N 5.67639°E
Zeelberg,Valkenswaard,51°20′25″N 5°28′30″E﻿ / ﻿51.34028°N 5.47500°E
Zeelst,Veldhoven,51°25′23″N 5°24′59″E﻿ / ﻿51.42306°N 5.41639°E
Zegge,Rucphen,51°33′25″N 4°31′05″E﻿ / ﻿51.55694°N 4.51806°E
Zelt,Oisterwijk,51°31′35″N 5°10′40″E﻿ / ﻿51.52639°N 5.17778°E
Zevenbergen,Bernheze,51°43′50″N 5°34′30″E﻿ / ﻿51.73056°N 5.57500°E
Zevenbergen,Moerdijk,51°38′40″N 4°36′15″E﻿ / ﻿51.64444°N 4.60417°E
Zevenbergschen Hoek,Moerdijk,51°40′20″N 4°40′45″E﻿ / ﻿51.67222°N 4.67917°E
Zevenhuis,Landerd,51°42′00″N 5°39′35″E﻿ / ﻿51.70000°N 5.65972°E
Zevenhuizen,Heeze-Leende,51°20′35″N 5°33′40″E﻿ / ﻿51.34306°N 5.56111°E
Zevenhuizen,Moerdijk,51°38′55″N 4°24′55″E﻿ / ﻿51.64861°N 4.41528°E
Zevenhutten,Cuijk,51°42′55″N 5°52′35″E﻿ / ﻿51.71528°N 5.87639°E
Zijp,Boekel,51°36′25″N 5°42′20″E﻿ / ﻿51.60694°N 5.70556°E
Zijtaart,Veghel,51°35′35″N 5°32′30″E﻿ / ﻿51.59306°N 5.54167°E
Zittard,Veldhoven,51°24′25″N 5°22′05″E﻿ / ﻿51.40694°N 5.36806°E
Zoggel,Bernheze,51°43′50″N 5°29′40″E﻿ / ﻿51.73056°N 5.49444°E
Zomerven,Someren,51°22′50″N 5°39′50″E﻿ / ﻿51.38056°N 5.66389°E
Zondveld,Veghel,51°34′30″N 5°33′25″E﻿ / ﻿51.57500°N 5.55694°E
Zoomvliet,Roosendaal,51°29′40″N 4°21′30″E﻿ / ﻿51.49444°N 4.35833°E
Zuid-Carolina,Mill en Sint Hubert,51°41′35″N 5°44′20″E﻿ / ﻿51.69306°N 5.73889°E
Zuidgeest,Bergen op Zoom,51°28′00″N 4°18′30″E﻿ / ﻿51.46667°N 4.30833°E
Zundert,Zundert,51°28′20″N 4°39′20″E﻿ / ﻿51.47222°N 4.65556°E
Zwartenberg,Etten-Leur,51°37′25″N 4°38′10″E﻿ / ﻿51.62361°N 4.63611°E
Zwijnsbergen,Sint-Oedenrode,51°31′35″N 5°30′25″E﻿ / ﻿51.52639°N 5.50694°E
Zwingelspaan,Moerdijk,51°39′35″N 4°29′45″E﻿ / ﻿51.65972°N 4.49583°E